student_id,study_hours_per_day,attendance_percentage,previous_score,assignment_completion,sleep_hours,class_participation,backlogs,internet_availability,device_availability,extracurricular_activity,parental_support,final_score
STU1000,5.1,91.7,80.0,69.3,7.3,8,0,Yes,Yes,Yes,High,75.9
STU1001,4.0,87.4,76.4,69.5,8.2,9,2,Yes,Yes,Yes,Medium,64.4
STU1002,5.4,71.5,43.5,63.7,5.6,5,2,Yes,Yes,Yes,Medium,48.0
STU1003,6.9,96.0,58.7,77.1,6.3,10,0,Yes,Yes,No,High,74.9
STU1004,3.8,94.2,64.5,81.6,7.8,8,1,Yes,No,Yes,Medium,59.4
STU1005,3.8,92.6,80.6,79.0,8.1,9,1,Yes,Yes,Yes,Medium,75.8
STU1006,7.0,60.7,55.0,73.1,9.0,8,0,Yes,Yes,No,High,62.5
STU1007,5.6,89.6,42.7,83.2,6.4,10,1,Yes,No,Yes,High,62.3
STU1008,3.4,76.8,54.7,56.3,6.1,7,1,Yes,Yes,Yes,Low,50.8
STU1009,5.2,67.1,63.4,59.3,9.1,7,0,Yes,Yes,No,Medium,62.1
STU1010,3.4,81.3,53.5,77.5,6.2,8,0,Yes,Yes,Yes,High,61.5
STU1011,3.4,94.3,91.7,73.2,7.7,6,0,No,Yes,Yes,Medium,68.0
STU1012,4.6,80.1,66.4,57.1,9.7,6,0,Yes,Yes,Yes,Medium,59.6
STU1013,1.0,90.2,79.5,64.8,8.0,6,0,Yes,Yes,Yes,High,70.2
STU1014,1.1,85.2,68.9,66.1,8.0,7,1,Yes,Yes,No,High,56.3
STU1015,3.2,73.2,75.7,65.4,8.6,10,0,Yes,Yes,No,High,66.6
STU1016,2.4,98.8,72.2,64.1,7.7,8,1,Yes,Yes,Yes,Low,58.4
STU1017,4.8,87.8,75.9,88.4,8.0,10,0,Yes,Yes,Yes,High,76.8
STU1018,2.6,96.6,74.3,59.1,6.7,8,1,Yes,Yes,No,High,64.2
STU1019,1.7,73.2,65.9,57.6,8.5,5,1,Yes,Yes,Yes,Low,46.5
STU1020,6.8,70.6,64.2,84.6,7.6,9,2,Yes,Yes,Yes,High,65.0
STU1021,3.8,90.3,60.1,76.3,5.3,7,0,Yes,Yes,No,Medium,64.4
STU1022,4.3,89.4,84.3,79.3,7.4,8,1,Yes,Yes,No,High,73.5
STU1023,1.6,83.0,72.7,52.9,4.5,5,0,Yes,Yes,Yes,Medium,54.8
STU1024,3.2,91.7,72.0,73.2,8.0,5,0,Yes,No,Yes,High,66.8
STU1025,4.4,78.7,67.6,67.3,6.8,8,0,Yes,Yes,Yes,High,68.0
STU1026,2.1,70.4,93.6,47.5,9.4,8,1,Yes,Yes,Yes,Medium,59.1
STU1027,4.9,70.5,66.7,71.9,7.7,10,0,Yes,Yes,No,Medium,65.8
STU1028,3.1,88.2,66.4,61.8,8.2,6,0,Yes,Yes,Yes,Medium,63.0
STU1029,3.7,70.5,73.4,55.7,5.8,9,2,Yes,Yes,Yes,Medium,54.3
STU1030,3.1,95.2,98.0,75.4,7.9,10,0,Yes,No,Yes,Medium,75.2
STU1031,7.5,88.8,64.6,80.8,6.3,8,1,Yes,Yes,No,Medium,69.3
STU1032,4.2,91.6,53.7,74.8,8.4,10,0,Yes,No,Yes,Medium,61.1
STU1033,2.3,95.3,68.2,67.9,5.8,9,3,Yes,Yes,Yes,Medium,53.9
STU1034,5.7,84.5,72.5,85.7,7.2,10,0,No,Yes,No,Medium,68.7
STU1035,2.0,76.8,68.6,52.0,5.7,10,0,No,No,Yes,Medium,45.5
STU1036,4.6,70.1,98.0,60.1,7.3,9,0,Yes,Yes,Yes,High,74.7
STU1037,1.0,86.1,71.2,64.9,9.5,3,1,Yes,No,Yes,High,55.2
STU1038,1.8,73.6,70.5,49.3,8.0,7,1,Yes,No,Yes,High,53.0
STU1039,4.6,71.6,63.8,56.3,7.1,5,1,Yes,Yes,Yes,Low,55.0
STU1040,5.5,72.7,97.2,69.0,4.1,8,1,No,Yes,Yes,Medium,55.8
STU1041,4.5,88.0,98.0,79.4,6.5,8,1,Yes,Yes,Yes,Medium,75.4
STU1042,4.0,80.5,82.0,75.2,7.7,6,0,Yes,Yes,Yes,High,69.4
STU1043,3.7,80.2,84.3,66.9,6.5,6,0,Yes,Yes,Yes,High,70.3
STU1044,1.5,71.6,71.5,49.9,8.8,5,1,Yes,Yes,Yes,Low,53.5
STU1045,2.9,76.3,81.2,64.1,7.2,6,1,Yes,Yes,Yes,Low,59.4
STU1046,3.4,89.9,55.2,74.7,8.4,7,1,Yes,Yes,Yes,High,65.2
STU1047,6.1,66.3,59.4,68.5,7.3,7,1,Yes,Yes,No,Medium,58.0
STU1048,4.8,87.8,46.6,83.2,6.8,9,0,No,Yes,Yes,Medium,65.4
STU1049,1.0,93.5,75.0,56.6,6.5,7,0,Yes,Yes,Yes,High,69.6
STU1050,4.8,87.4,49.8,67.5,5.9,10,1,Yes,Yes,No,Medium,59.7
STU1051,3.5,74.4,58.0,71.5,8.4,7,3,Yes,Yes,Yes,Medium,48.7
STU1052,3.0,86.4,60.5,55.4,6.6,9,1,Yes,Yes,No,Medium,53.7
STU1053,5.3,74.8,90.1,64.0,7.7,7,0,Yes,Yes,No,High,73.3
STU1054,6.1,79.5,58.4,67.2,6.5,10,0,Yes,No,No,High,66.8
STU1055,5.9,84.1,84.2,62.2,5.8,9,0,Yes,Yes,No,High,81.0
STU1056,2.7,84.4,79.5,63.8,7.8,9,0,Yes,Yes,Yes,High,67.8
STU1057,3.6,88.3,53.7,75.9,6.2,6,0,Yes,Yes,No,Medium,58.9
STU1058,4.8,77.1,83.2,69.2,6.6,7,1,Yes,Yes,Yes,High,68.2
STU1059,6.0,74.4,72.4,76.6,5.6,7,1,Yes,Yes,Yes,Medium,63.0
STU1060,3.3,93.6,60.1,81.2,6.5,10,0,Yes,Yes,No,High,68.7
STU1061,3.9,86.4,74.7,66.8,7.1,7,1,Yes,Yes,Yes,Medium,65.8
STU1062,2.2,91.4,75.6,88.5,6.8,6,0,Yes,Yes,No,Medium,67.6
STU1063,2.0,91.8,61.8,64.1,8.1,9,0,Yes,No,Yes,Medium,59.3
STU1064,5.7,67.5,59.8,64.1,7.3,7,0,Yes,Yes,Yes,High,66.3
STU1065,6.6,91.6,62.1,74.9,10.5,8,0,Yes,Yes,Yes,High,70.1
STU1066,4.1,82.6,76.2,73.0,7.6,6,1,Yes,Yes,No,High,63.8
STU1067,6.0,94.8,72.5,78.1,5.0,9,0,Yes,Yes,Yes,High,72.0
STU1068,4.9,76.8,78.3,67.5,6.8,9,1,Yes,Yes,Yes,High,71.0
STU1069,3.0,99.5,66.0,72.1,6.9,9,3,Yes,Yes,Yes,High,60.8
STU1070,4.9,83.3,74.3,69.5,6.4,7,1,Yes,Yes,No,Medium,69.0
STU1071,7.0,78.2,77.1,76.4,7.2,7,1,Yes,Yes,Yes,Low,69.3
STU1072,4.1,89.3,75.9,68.3,6.3,2,0,No,Yes,No,High,61.7
STU1073,7.0,74.7,92.4,70.1,7.5,6,1,Yes,Yes,Yes,Medium,74.3
STU1074,1.0,69.4,85.1,61.3,4.8,5,2,Yes,Yes,Yes,High,50.9
STU1075,5.7,92.3,79.9,75.9,8.5,8,0,No,Yes,Yes,Medium,75.4
STU1076,4.4,88.3,98.0,75.4,5.2,7,0,Yes,Yes,No,Medium,76.7
STU1077,3.7,75.4,68.4,56.7,6.8,10,1,Yes,Yes,Yes,Low,62.0
STU1078,4.4,95.4,75.3,72.3,6.2,9,1,No,Yes,Yes,High,67.4
STU1079,1.0,89.3,98.0,52.8,7.5,5,2,Yes,Yes,No,High,63.3
STU1080,3.8,68.8,35.0,75.6,6.9,8,0,Yes,Yes,Yes,High,59.3
STU1081,4.8,91.3,67.2,86.1,7.4,9,0,Yes,No,No,High,71.4
STU1082,6.9,88.8,79.1,84.9,8.4,7,0,Yes,Yes,Yes,Low,77.3
STU1083,3.3,93.8,84.1,89.0,8.0,8,3,Yes,No,Yes,Medium,58.6
STU1084,2.7,81.1,98.0,69.8,7.1,8,1,Yes,Yes,Yes,Medium,69.3
STU1085,3.3,79.9,73.0,63.5,7.7,9,0,Yes,Yes,Yes,Medium,68.6
STU1086,5.8,84.7,67.9,77.7,9.5,5,0,No,Yes,No,Low,57.7
STU1087,4.8,76.4,71.2,78.5,8.1,8,1,Yes,Yes,No,Medium,65.9
STU1088,3.2,82.8,74.0,59.0,6.7,9,1,Yes,No,Yes,High,57.9
STU1089,5.1,81.2,98.0,61.5,8.6,10,0,Yes,Yes,No,Medium,82.6
STU1090,4.4,83.5,92.5,73.2,7.6,6,0,Yes,Yes,Yes,High,79.6
STU1091,5.9,86.4,65.7,71.2,5.9,8,0,Yes,Yes,Yes,High,73.7
STU1092,2.9,75.4,71.6,43.3,6.9,7,0,Yes,Yes,No,High,62.3
STU1093,3.6,97.1,62.8,64.4,5.3,9,1,Yes,No,No,Medium,55.6
STU1094,3.5,93.0,68.3,69.5,4.4,7,2,Yes,Yes,Yes,Medium,56.3
STU1095,1.6,85.4,84.7,62.9,6.0,6,1,Yes,Yes,No,High,60.9
STU1096,4.7,66.7,89.1,63.1,7.2,7,1,Yes,Yes,Yes,Medium,68.0
STU1097,4.7,91.6,67.5,90.9,7.3,7,0,Yes,No,No,Medium,70.5
STU1098,4.2,75.9,66.2,63.9,5.4,8,0,Yes,Yes,No,Low,58.4
STU1099,3.8,97.8,63.3,77.5,4.2,7,0,Yes,No,Yes,Medium,50.7
STU1100,1.7,81.6,86.6,47.9,8.9,5,3,Yes,Yes,Yes,Medium,50.9
STU1101,3.4,75.0,73.4,62.5,7.2,9,0,Yes,Yes,No,Medium,61.5
STU1102,3.6,79.5,45.4,68.2,9.0,10,1,No,Yes,No,High,51.6
STU1103,2.8,81.7,85.3,53.2,8.9,10,0,Yes,Yes,Yes,High,65.8
STU1104,3.9,82.6,64.3,60.5,8.0,7,1,Yes,Yes,Yes,Medium,55.3
STU1105,4.9,74.7,69.9,71.0,7.2,9,1,Yes,Yes,No,High,70.6
STU1106,7.6,86.8,76.7,76.8,6.6,8,2,Yes,Yes,Yes,High,76.9
STU1107,4.5,87.0,71.2,71.2,8.0,8,1,Yes,Yes,Yes,Medium,68.7
STU1108,4.7,68.1,74.8,67.5,6.9,6,1,Yes,No,Yes,High,61.3
STU1109,4.1,90.0,42.8,88.6,6.4,10,1,Yes,Yes,Yes,High,62.5
STU1110,1.0,79.4,77.9,55.9,4.6,8,1,Yes,Yes,No,Medium,53.0
STU1111,4.2,74.6,44.1,79.1,7.0,10,0,Yes,Yes,No,Medium,56.9
STU1112,4.3,83.2,88.9,53.8,8.4,7,1,Yes,Yes,Yes,Medium,67.7
STU1113,8.6,85.7,82.7,84.8,8.6,10,0,Yes,No,No,Medium,79.9
STU1114,3.9,61.4,49.9,54.7,7.2,7,1,Yes,Yes,No,Medium,46.6
STU1115,4.7,96.1,80.9,72.9,6.0,8,0,Yes,Yes,Yes,High,81.1
STU1116,4.1,74.1,93.8,69.6,8.2,7,0,Yes,Yes,Yes,High,73.7
STU1117,2.1,82.5,66.1,60.8,7.1,9,2,Yes,Yes,No,High,58.8
STU1118,6.3,81.4,78.2,58.4,6.7,8,0,Yes,Yes,Yes,Medium,74.4
STU1119,5.6,89.0,35.0,63.6,5.4,8,3,Yes,Yes,Yes,Medium,52.4
STU1120,5.6,90.0,76.2,82.6,9.6,5,2,Yes,Yes,Yes,Medium,63.3
STU1121,2.6,86.3,65.8,52.9,8.0,7,1,Yes,Yes,No,Medium,53.9
STU1122,6.7,58.9,66.9,70.5,8.1,7,0,No,No,Yes,High,58.0
STU1123,1.7,67.4,82.9,54.8,6.1,5,3,Yes,Yes,No,Medium,47.8
STU1124,5.3,87.3,97.3,73.2,7.2,6,0,Yes,No,Yes,Medium,79.9
STU1125,8.1,81.4,75.8,79.3,7.0,6,0,Yes,No,No,Medium,76.1
STU1126,2.4,84.5,88.9,68.6,8.0,6,1,Yes,Yes,Yes,Medium,60.5
STU1127,3.2,87.2,50.0,58.8,8.7,9,0,Yes,Yes,Yes,Low,55.3
STU1128,4.4,89.2,91.8,73.1,5.4,6,1,No,Yes,Yes,Medium,57.4
STU1129,3.3,91.1,66.6,61.3,5.8,9,1,Yes,Yes,Yes,Low,58.8
STU1130,1.4,80.7,59.7,60.9,7.9,8,0,Yes,Yes,No,High,61.1
STU1131,4.3,80.7,47.2,73.4,6.5,10,3,Yes,Yes,No,High,52.5
STU1132,2.3,80.0,75.7,63.2,8.1,8,2,Yes,Yes,Yes,High,60.7
STU1133,5.1,85.0,88.6,77.7,6.7,9,1,Yes,Yes,No,High,77.2
STU1134,2.5,90.1,80.9,61.9,5.6,8,1,Yes,Yes,Yes,Medium,60.7
STU1135,7.0,87.6,84.4,79.3,5.0,8,1,Yes,Yes,Yes,Medium,74.7
STU1136,2.8,96.9,57.6,69.9,7.7,9,1,Yes,Yes,Yes,Medium,60.7
STU1137,3.6,79.5,88.8,63.1,7.7,9,3,Yes,Yes,Yes,Low,60.4
STU1138,5.7,97.3,79.7,74.3,8.3,9,1,Yes,No,No,Low,66.9
STU1139,2.0,71.1,73.1,53.1,7.5,8,1,Yes,Yes,Yes,High,57.7
STU1140,4.6,77.1,72.5,58.4,4.0,10,1,No,Yes,Yes,Low,46.9
STU1141,6.6,62.5,62.5,52.5,7.7,7,3,Yes,Yes,Yes,Medium,48.7
STU1142,1.3,73.2,98.0,49.9,5.4,6,1,Yes,Yes,Yes,Medium,61.8
STU1143,4.5,89.3,45.1,78.2,4.9,8,0,No,Yes,Yes,Medium,54.7
STU1144,4.7,82.3,65.0,72.1,4.7,8,0,Yes,Yes,Yes,High,66.9
STU1145,5.6,90.2,67.4,66.8,4.6,10,0,Yes,No,Yes,Low,64.2
STU1146,2.0,84.2,53.1,59.9,7.4,7,1,Yes,Yes,No,Medium,50.5
STU1147,1.8,67.9,38.1,59.9,6.2,6,0,Yes,Yes,Yes,Low,41.1
STU1148,5.1,80.8,69.9,67.1,5.3,7,0,Yes,Yes,Yes,Low,62.5
STU1149,4.7,93.7,64.6,64.6,7.1,9,1,Yes,Yes,Yes,Medium,68.1
STU1150,4.7,84.4,70.2,89.4,5.8,7,1,No,Yes,No,High,68.8
STU1151,4.8,83.9,98.0,70.0,8.3,6,0,Yes,Yes,Yes,High,84.4
STU1152,3.0,87.0,67.9,58.2,8.8,8,0,Yes,No,No,High,61.4
STU1153,4.6,65.8,89.5,63.1,6.8,10,1,Yes,Yes,No,High,72.4
STU1154,4.7,78.9,60.8,67.9,8.8,7,0,Yes,Yes,No,Medium,63.0
STU1155,2.9,82.9,54.8,52.8,8.8,5,1,Yes,Yes,Yes,High,55.0
STU1156,7.6,77.2,53.3,77.1,7.2,10,1,Yes,No,Yes,Low,60.4
STU1157,5.1,78.7,77.6,77.5,9.2,8,1,Yes,Yes,Yes,Medium,65.8
STU1158,2.1,92.2,98.0,65.5,6.4,9,0,Yes,Yes,No,High,77.6
STU1159,5.4,67.9,40.6,48.7,4.8,6,0,Yes,No,No,Medium,43.5
STU1160,2.4,94.8,76.0,72.3,5.2,7,2,Yes,Yes,No,Medium,56.2
STU1161,5.6,94.5,58.4,83.9,6.3,10,3,Yes,Yes,No,Medium,62.0
STU1162,6.3,92.8,74.2,75.6,7.7,9,0,No,No,Yes,Medium,67.2
STU1163,2.7,60.7,52.6,48.8,5.7,6,1,Yes,Yes,Yes,High,45.7
STU1164,5.9,76.5,81.3,89.0,6.3,5,0,Yes,Yes,Yes,Medium,75.2
STU1165,4.9,92.5,63.0,70.7,5.6,9,0,Yes,Yes,Yes,Medium,67.8
STU1166,5.7,91.6,90.7,68.9,6.3,7,5,No,Yes,No,Medium,57.1
STU1167,7.6,88.4,66.8,82.2,8.7,10,0,Yes,Yes,No,Medium,76.2
STU1168,3.8,79.3,36.6,70.6,7.5,7,0,Yes,Yes,Yes,High,55.9
STU1169,2.8,81.8,83.4,68.6,6.4,7,0,Yes,Yes,No,High,66.3
STU1170,2.6,82.6,42.6,44.4,8.6,8,0,Yes,Yes,No,Medium,46.7
STU1171,2.7,71.0,40.2,53.3,7.1,7,1,Yes,Yes,Yes,Low,42.9
STU1172,4.1,84.6,60.7,78.8,7.3,10,2,Yes,No,Yes,Medium,58.1
STU1173,4.8,83.0,55.9,73.5,8.5,10,1,Yes,Yes,No,High,62.0
STU1174,4.7,82.7,94.8,60.6,6.7,6,0,Yes,Yes,Yes,High,78.4
STU1175,5.7,96.0,70.1,90.0,8.2,8,0,Yes,Yes,Yes,High,80.6
STU1176,4.2,82.2,96.4,76.4,8.1,9,1,Yes,Yes,Yes,High,74.3
STU1177,6.8,82.7,59.8,74.4,6.9,7,1,Yes,No,No,Medium,65.4
STU1178,3.7,85.8,78.7,76.0,5.4,5,2,Yes,Yes,Yes,Medium,58.0
STU1179,9.1,77.0,67.7,96.8,7.1,7,1,Yes,Yes,No,High,77.0
STU1180,5.3,91.5,94.2,68.2,8.5,8,0,Yes,Yes,No,High,81.3
STU1181,2.7,89.2,67.5,72.1,8.1,1,0,No,Yes,No,High,53.6
STU1182,2.3,94.1,63.2,84.8,9.2,6,1,Yes,Yes,Yes,Low,57.7
STU1183,5.1,86.8,64.5,78.9,6.5,5,1,Yes,No,No,Medium,58.1
STU1184,3.8,98.1,45.6,69.4,8.0,10,0,Yes,Yes,Yes,Low,59.0
STU1185,5.5,97.3,78.0,82.1,5.9,10,1,Yes,No,Yes,Medium,72.9
STU1186,5.1,86.7,69.1,84.6,7.3,8,0,Yes,Yes,No,High,78.2
STU1187,4.1,96.8,75.9,67.6,8.4,8,0,Yes,No,Yes,High,67.5
STU1188,2.7,84.9,65.1,65.3,8.2,8,1,Yes,Yes,No,Medium,57.0
STU1189,1.5,75.8,94.7,55.5,7.2,5,0,Yes,No,Yes,Medium,64.3
STU1190,3.4,68.4,75.2,54.3,6.8,8,0,Yes,Yes,Yes,Medium,63.5
STU1191,5.7,91.4,65.7,79.7,5.9,8,0,Yes,No,No,Medium,68.3
STU1192,4.6,89.0,70.4,72.5,6.8,9,0,Yes,Yes,No,Medium,68.8
STU1193,2.0,94.0,78.6,73.1,5.5,9,2,Yes,Yes,Yes,High,62.0
STU1194,4.5,90.6,53.6,82.9,6.7,9,0,Yes,Yes,No,Medium,66.7
STU1195,4.9,67.8,68.9,53.4,4.9,7,2,Yes,No,No,Medium,43.9
STU1196,2.6,75.7,63.5,61.2,5.5,7,2,Yes,Yes,Yes,High,48.9
STU1197,4.5,89.0,80.6,72.6,8.1,8,0,Yes,Yes,No,Medium,72.5
STU1198,4.3,98.3,78.6,78.7,8.0,9,1,Yes,Yes,Yes,Medium,74.8
STU1199,2.1,98.4,64.6,70.4,6.8,8,3,Yes,Yes,Yes,High,57.9
STU1200,4.8,88.2,35.0,65.7,7.2,7,0,Yes,Yes,Yes,High,65.3
STU1201,5.2,82.5,52.6,83.5,7.3,9,0,Yes,Yes,Yes,High,71.5
STU1202,6.1,71.4,73.0,84.0,7.7,8,2,Yes,Yes,Yes,High,65.8
STU1203,6.1,83.8,68.3,79.6,7.5,10,0,Yes,Yes,No,High,79.6
STU1204,1.7,77.2,71.8,63.5,5.5,4,2,Yes,No,No,High,47.2
STU1205,2.5,96.7,68.9,71.9,4.2,8,1,Yes,No,Yes,High,56.6
STU1206,5.1,76.0,91.2,76.1,5.9,6,2,Yes,Yes,No,High,66.8
STU1207,5.1,79.8,41.0,50.7,6.9,7,1,Yes,Yes,Yes,Low,53.9
STU1208,5.1,95.5,73.2,78.0,8.3,9,3,Yes,Yes,No,High,70.2
STU1209,10.0,67.4,76.3,74.1,7.4,6,1,No,Yes,Yes,High,72.0
STU1210,5.2,89.8,84.1,76.7,7.7,8,0,No,Yes,No,High,73.8
STU1211,6.2,79.7,87.4,82.2,6.0,8,0,Yes,Yes,No,Medium,76.6
STU1212,5.9,88.7,95.4,77.2,7.0,7,2,Yes,Yes,No,High,78.4
STU1213,5.4,94.9,62.9,75.8,7.2,9,0,Yes,Yes,No,High,75.3
STU1214,3.6,79.8,49.3,54.5,6.2,6,2,Yes,Yes,Yes,High,52.2
STU1215,5.6,76.9,39.9,69.4,5.8,10,0,Yes,Yes,No,Low,57.9
STU1216,2.8,67.0,64.2,62.3,6.8,8,0,Yes,Yes,Yes,Medium,57.2
STU1217,3.8,91.3,59.9,65.3,7.9,8,0,No,Yes,Yes,High,60.6
STU1218,3.3,74.3,88.6,46.0,6.0,6,0,Yes,Yes,No,High,65.2
STU1219,4.3,96.5,67.8,94.3,6.9,9,0,Yes,Yes,No,High,73.5
STU1220,8.4,79.5,59.5,82.6,8.7,10,0,Yes,Yes,Yes,High,79.7
STU1221,1.0,88.5,54.3,60.5,6.5,7,0,Yes,Yes,Yes,Medium,52.8
STU1222,5.4,66.0,86.7,75.3,7.1,5,0,Yes,Yes,Yes,Medium,72.2
STU1223,1.3,84.0,70.8,62.0,7.0,6,1,Yes,Yes,Yes,Medium,59.9
STU1224,3.4,91.2,59.5,81.5,6.9,8,0,Yes,Yes,Yes,High,68.1
STU1225,6.2,79.8,74.5,83.5,9.1,8,2,Yes,Yes,Yes,Medium,67.8
STU1226,4.3,78.0,94.7,56.7,7.5,8,3,Yes,Yes,Yes,High,64.4
STU1227,2.3,80.6,65.7,65.9,5.2,8,1,Yes,Yes,No,High,54.5
STU1228,2.9,77.6,82.4,76.3,8.9,9,0,Yes,Yes,No,Medium,65.6
STU1229,5.4,86.3,85.8,66.4,7.4,9,1,Yes,Yes,Yes,High,80.8
STU1230,2.9,84.2,46.9,57.9,6.7,8,1,Yes,Yes,No,Medium,51.2
STU1231,4.6,57.0,61.4,50.8,8.7,4,0,Yes,No,No,Low,42.1
STU1232,4.3,89.5,85.6,79.8,6.2,10,1,Yes,Yes,Yes,High,75.3
STU1233,3.0,84.3,45.6,68.4,9.2,8,3,Yes,Yes,Yes,Low,44.0
STU1234,8.1,87.6,70.1,67.6,7.2,8,2,Yes,Yes,Yes,High,73.8
STU1235,5.3,80.7,53.7,74.0,8.3,8,2,Yes,Yes,Yes,High,65.8
STU1236,1.0,91.5,64.8,61.7,10.5,7,1,Yes,Yes,Yes,Medium,51.8
STU1237,4.5,65.9,68.4,60.6,7.3,6,0,No,Yes,Yes,Medium,55.2
STU1238,3.0,95.5,78.3,65.1,7.0,5,0,No,No,Yes,High,61.2
STU1239,5.7,88.3,77.1,79.0,5.8,6,0,Yes,Yes,No,Medium,72.5
STU1240,2.8,78.1,74.6,70.9,7.0,5,1,Yes,Yes,Yes,Low,52.8
STU1241,4.0,79.2,98.0,61.5,5.9,4,1,Yes,Yes,No,High,68.3
STU1242,5.1,86.4,97.2,60.0,6.9,6,0,Yes,Yes,Yes,Low,70.6
STU1243,5.8,91.0,43.5,75.5,10.5,10,0,Yes,No,No,Medium,58.1
STU1244,2.0,82.0,63.1,68.1,7.2,7,1,Yes,No,Yes,Low,51.4
STU1245,3.6,95.0,98.0,69.9,6.4,6,0,Yes,Yes,No,High,77.7
STU1246,3.3,84.7,69.2,55.3,6.8,6,1,Yes,No,No,Medium,52.3
STU1247,3.0,83.7,98.0,72.0,6.6,9,0,Yes,Yes,No,High,76.3
STU1248,7.4,66.7,65.1,81.9,8.4,9,1,Yes,Yes,No,Low,60.5
STU1249,4.9,95.2,62.3,77.5,7.0,8,0,Yes,No,Yes,Medium,65.7
STU1250,1.9,86.8,89.2,51.3,9.0,9,0,Yes,Yes,No,High,67.4
STU1251,5.9,84.1,61.7,72.2,6.7,7,0,No,Yes,Yes,High,69.9
STU1252,8.0,79.9,68.4,80.2,6.8,9,1,Yes,Yes,Yes,Medium,74.1
STU1253,6.1,67.7,93.9,60.7,6.0,5,2,Yes,No,Yes,Medium,63.5
STU1254,1.5,91.3,76.2,69.8,6.6,6,1,No,No,Yes,High,57.5
STU1255,3.3,85.6,77.4,60.4,5.0,7,0,Yes,No,No,Medium,58.2
STU1256,6.5,75.8,85.0,72.6,4.5,5,0,Yes,No,No,Medium,60.0
STU1257,2.9,81.8,87.1,62.8,7.8,8,0,Yes,Yes,Yes,High,71.5
STU1258,5.0,78.6,63.8,74.2,5.0,9,1,Yes,Yes,No,High,60.7
STU1259,5.6,86.5,98.0,74.9,7.6,10,2,Yes,Yes,Yes,Low,73.7
STU1260,2.5,90.0,68.5,65.9,6.5,10,2,No,Yes,Yes,High,56.3
STU1261,4.1,78.3,58.4,60.0,8.2,8,0,Yes,Yes,Yes,High,62.9
STU1262,1.0,82.7,42.9,59.6,5.0,6,0,Yes,Yes,No,High,49.2
STU1263,2.4,95.0,49.5,67.6,7.8,5,1,Yes,Yes,Yes,Low,51.9
STU1264,3.7,79.1,97.4,58.7,7.5,8,0,Yes,No,Yes,High,74.2
STU1265,2.0,70.9,94.0,57.7,7.5,7,1,Yes,Yes,Yes,Medium,59.9
STU1266,7.1,79.5,70.4,79.0,8.4,6,1,Yes,No,Yes,Low,63.1
STU1267,1.6,67.6,35.0,50.9,7.2,5,0,Yes,No,No,High,43.5
STU1268,3.4,95.4,58.9,80.4,4.2,8,0,Yes,Yes,Yes,Medium,61.3
STU1269,4.4,72.4,44.0,66.5,7.6,8,0,Yes,Yes,Yes,High,56.2
STU1270,6.8,97.4,44.8,73.8,7.5,10,1,Yes,Yes,Yes,Medium,67.3
STU1271,1.6,67.6,93.0,64.3,6.8,5,0,Yes,Yes,Yes,High,68.9
STU1272,6.3,85.3,91.1,82.7,6.1,8,0,Yes,Yes,Yes,Medium,80.6
STU1273,4.2,85.3,61.7,78.3,6.7,8,2,Yes,Yes,Yes,High,60.1
STU1274,2.4,88.0,73.9,69.4,8.8,7,0,Yes,Yes,No,High,62.2
STU1275,5.0,87.3,56.1,54.9,6.0,7,0,Yes,Yes,Yes,Low,57.9
STU1276,4.6,82.0,68.7,78.5,5.0,9,2,Yes,Yes,Yes,High,59.7
STU1277,3.1,80.5,84.3,65.0,5.3,7,1,No,Yes,Yes,Medium,57.6
STU1278,4.3,90.5,95.6,76.0,7.1,6,0,Yes,Yes,Yes,High,81.2
STU1279,3.5,88.6,83.4,74.1,9.1,10,1,Yes,No,Yes,High,64.4
STU1280,4.4,81.2,68.0,84.3,9.7,6,1,Yes,Yes,Yes,Medium,60.9
STU1281,5.4,93.2,85.9,73.4,7.9,8,0,Yes,No,Yes,High,80.2
STU1282,7.1,84.6,68.8,74.4,5.9,9,1,No,Yes,No,Low,62.1
STU1283,2.0,81.6,81.4,55.0,6.0,7,0,Yes,Yes,Yes,Medium,59.1
STU1284,8.0,91.9,63.1,76.4,8.2,9,0,Yes,Yes,No,High,79.5
STU1285,1.0,90.5,77.2,54.8,8.7,2,1,Yes,Yes,Yes,Medium,55.1
STU1286,3.9,81.2,77.9,52.5,6.3,6,0,Yes,No,Yes,High,63.0
STU1287,5.3,72.6,64.1,70.6,8.8,8,1,Yes,No,No,High,57.2
STU1288,4.7,89.1,61.5,89.6,6.8,8,1,Yes,Yes,Yes,Medium,68.3
STU1289,3.1,92.5,62.8,87.0,8.0,8,1,Yes,Yes,Yes,High,67.6
STU1290,3.8,91.9,53.0,65.5,8.5,9,2,Yes,Yes,No,High,62.5
STU1291,3.3,73.5,68.2,59.5,5.3,7,0,Yes,Yes,No,Medium,56.5
STU1292,3.1,85.7,63.9,77.0,7.6,6,0,Yes,Yes,No,Medium,65.3
STU1293,5.7,62.0,52.1,66.6,8.8,6,1,Yes,Yes,No,Medium,53.2
STU1294,4.8,73.8,61.7,67.4,6.4,10,0,Yes,Yes,No,Medium,62.5
STU1295,3.0,91.4,80.3,67.6,5.8,7,1,Yes,Yes,Yes,Medium,64.2
STU1296,5.8,96.6,96.2,90.1,7.7,8,1,Yes,No,Yes,Medium,76.5
STU1297,4.8,90.2,79.1,65.9,7.3,9,1,Yes,Yes,Yes,High,75.7
STU1298,5.7,84.3,60.1,78.1,6.7,10,1,Yes,Yes,Yes,Low,60.5
STU1299,5.3,76.8,65.1,72.1,7.1,6,0,Yes,Yes,Yes,High,68.7
STU1300,2.7,73.9,67.8,60.4,5.1,6,2,No,Yes,No,Medium,43.7
STU1301,3.2,97.4,94.7,79.6,7.6,5,1,Yes,Yes,Yes,Low,71.3
STU1302,5.5,91.7,82.6,77.6,9.0,8,1,Yes,Yes,No,Medium,75.7
STU1303,5.3,74.7,80.9,64.0,6.2,8,2,Yes,Yes,Yes,Low,58.8
STU1304,4.2,85.0,77.0,70.8,6.1,7,1,No,Yes,Yes,High,63.9
STU1305,4.4,70.3,80.0,50.6,7.3,9,0,Yes,Yes,Yes,High,71.7
STU1306,6.5,83.7,78.2,81.3,10.5,8,0,Yes,Yes,Yes,Low,64.9
STU1307,3.1,89.7,67.8,76.1,8.4,7,0,Yes,Yes,Yes,High,69.1
STU1308,5.2,80.0,53.3,65.3,7.0,7,0,Yes,Yes,No,Medium,61.0
STU1309,3.8,85.2,73.2,61.8,7.1,5,1,Yes,Yes,Yes,High,64.1
STU1310,3.8,72.2,75.7,57.5,8.5,7,1,Yes,Yes,Yes,Medium,59.2
STU1311,6.2,95.1,73.9,80.6,6.0,9,1,Yes,No,No,Medium,69.9
STU1312,5.7,92.5,65.5,80.1,7.8,8,0,Yes,Yes,Yes,High,78.2
STU1313,5.7,84.0,98.0,87.0,5.8,8,2,Yes,Yes,Yes,Medium,77.3
STU1314,6.5,85.0,62.3,88.9,8.2,7,0,Yes,Yes,Yes,Medium,74.0
STU1315,4.2,94.1,78.1,81.3,6.7,6,0,No,Yes,Yes,High,70.8
STU1316,5.4,86.9,65.0,75.6,7.3,8,2,Yes,Yes,No,Medium,68.1
STU1317,3.6,82.0,71.5,59.4,6.7,8,0,Yes,No,No,Medium,56.2
STU1318,4.8,69.4,61.8,77.5,7.9,7,1,No,Yes,No,High,61.0
STU1319,4.0,83.8,82.4,66.9,6.9,8,1,No,No,Yes,Medium,58.8
STU1320,4.4,94.0,89.3,77.5,9.7,9,0,Yes,Yes,No,High,76.6
STU1321,5.3,65.4,86.2,68.6,8.8,8,0,No,Yes,Yes,High,67.7
STU1322,2.7,65.8,70.5,56.5,5.5,7,0,Yes,Yes,Yes,Medium,54.6
STU1323,8.0,79.3,57.5,87.9,7.3,10,0,Yes,Yes,Yes,Medium,76.6
STU1324,2.4,79.2,75.7,65.4,8.0,7,1,Yes,Yes,No,Low,57.8
STU1325,2.0,94.1,82.0,76.0,6.6,8,1,Yes,Yes,No,High,68.7
STU1326,6.3,79.6,40.4,77.3,8.6,10,0,Yes,Yes,No,High,65.0
STU1327,5.6,85.9,84.0,74.4,8.4,9,0,Yes,Yes,No,High,87.3
STU1328,5.3,87.2,98.0,75.1,7.0,7,0,Yes,Yes,Yes,Medium,84.1
STU1329,5.3,87.2,79.3,74.0,8.3,5,1,Yes,Yes,Yes,Medium,72.5
STU1330,4.2,91.2,60.9,62.9,4.2,7,0,Yes,Yes,No,Medium,54.2
STU1331,2.6,87.3,61.9,58.4,8.7,8,0,Yes,Yes,No,High,60.2
STU1332,4.3,70.4,84.0,69.0,8.2,8,0,Yes,No,No,Medium,63.1
STU1333,3.0,79.9,71.1,53.9,5.8,5,1,Yes,No,Yes,Medium,54.1
STU1334,6.0,94.2,79.7,76.9,7.4,10,1,Yes,Yes,No,Low,70.3
STU1335,3.9,91.6,63.8,64.1,4.7,9,0,Yes,Yes,Yes,High,61.1
STU1336,2.7,84.6,98.0,61.7,6.2,8,0,Yes,No,No,Medium,67.6
STU1337,3.6,93.2,90.0,71.2,8.4,8,2,Yes,Yes,Yes,Medium,68.7
STU1338,4.9,79.0,65.7,66.0,7.1,7,0,Yes,No,No,Medium,60.6
STU1339,3.2,84.8,68.5,55.6,7.0,7,0,No,Yes,Yes,High,59.2
STU1340,2.7,79.4,62.4,61.3,7.2,8,0,Yes,Yes,No,Low,58.6
STU1341,4.6,94.0,70.8,68.1,7.0,9,0,Yes,Yes,Yes,High,76.9
STU1342,4.6,80.4,57.2,63.9,8.3,7,0,Yes,Yes,Yes,High,63.9
STU1343,3.3,87.8,56.6,74.7,6.4,10,0,Yes,Yes,Yes,Medium,60.7
STU1344,3.4,70.1,88.3,67.9,7.6,4,0,No,Yes,No,Medium,59.9
STU1345,4.6,92.9,95.9,64.8,5.7,8,0,Yes,Yes,Yes,Medium,79.5
STU1346,1.6,78.3,90.8,71.5,8.0,5,2,Yes,Yes,Yes,High,64.0
STU1347,1.7,83.1,69.2,57.6,6.7,7,0,Yes,Yes,No,Medium,61.0
STU1348,2.9,89.7,97.1,63.7,7.1,4,1,Yes,Yes,No,Medium,63.5
STU1349,3.8,95.4,78.5,67.0,6.7,10,1,Yes,Yes,Yes,High,72.5
STU1350,4.8,85.0,86.4,72.3,6.8,9,0,Yes,Yes,Yes,Low,76.8
STU1351,6.9,79.4,44.4,91.3,5.9,8,2,Yes,Yes,Yes,Low,59.5
STU1352,5.7,87.7,71.5,63.6,7.5,8,0,Yes,Yes,No,Medium,72.6
STU1353,3.9,92.0,74.0,56.2,7.8,9,0,Yes,Yes,No,High,75.3
STU1354,4.2,91.2,77.2,75.3,5.5,8,0,Yes,Yes,No,Low,65.3
STU1355,2.4,91.2,49.4,72.4,6.4,9,1,Yes,Yes,Yes,High,61.1
STU1356,4.2,79.2,77.5,67.6,7.1,7,1,Yes,Yes,No,High,66.1
STU1357,3.7,93.4,79.7,77.6,6.4,8,1,Yes,Yes,Yes,High,69.5
STU1358,4.8,90.9,61.1,65.8,6.8,10,0,Yes,Yes,Yes,High,71.1
STU1359,2.7,89.2,57.6,60.1,9.0,8,1,Yes,Yes,No,Medium,54.9
STU1360,5.1,86.2,56.7,74.4,5.9,8,0,Yes,Yes,Yes,Medium,66.1
STU1361,7.0,88.4,76.2,94.3,4.3,9,0,Yes,Yes,Yes,Low,66.5
STU1362,4.0,88.5,51.4,75.7,6.4,8,0,Yes,Yes,No,High,61.0
STU1363,4.9,84.7,75.7,76.9,6.7,8,0,Yes,Yes,Yes,Medium,73.0
STU1364,5.4,67.6,47.1,56.4,6.5,9,0,Yes,Yes,Yes,Low,55.5
STU1365,3.5,65.5,98.0,61.6,7.4,6,0,Yes,Yes,No,Medium,67.7
STU1366,4.6,88.9,72.2,63.8,5.9,7,0,Yes,Yes,No,Medium,67.5
STU1367,4.2,71.0,86.3,77.2,5.7,7,2,Yes,Yes,No,High,60.6
STU1368,4.4,83.7,77.2,62.0,6.3,7,2,Yes,Yes,Yes,Medium,61.2
STU1369,2.8,91.3,64.4,62.7,6.3,6,0,Yes,Yes,Yes,High,67.1
STU1370,4.2,91.1,67.0,61.4,9.6,9,2,Yes,Yes,Yes,Medium,58.4
STU1371,5.1,87.8,64.7,74.9,9.0,7,1,No,No,No,Medium,53.1
STU1372,6.8,83.2,70.0,77.4,5.1,5,0,Yes,Yes,Yes,Medium,66.4
STU1373,5.9,77.3,53.8,83.5,4.8,9,0,Yes,Yes,No,Medium,63.3
STU1374,8.1,98.8,46.6,94.9,7.0,9,0,Yes,Yes,Yes,Medium,75.7
STU1375,2.8,89.7,95.3,61.9,9.4,8,0,Yes,No,Yes,High,69.3
STU1376,5.8,97.8,83.2,88.3,7.9,10,0,Yes,No,No,Medium,76.8
STU1377,4.5,73.8,86.9,55.5,7.1,7,0,Yes,Yes,No,Medium,68.6
STU1378,8.1,67.9,58.4,67.5,6.6,5,0,Yes,Yes,No,High,65.3
STU1379,2.7,80.4,59.6,64.2,8.4,4,0,Yes,Yes,No,High,57.6
STU1380,2.7,87.6,53.7,57.8,7.3,6,0,Yes,Yes,No,High,56.9
STU1381,3.1,87.7,63.3,76.7,9.2,7,0,Yes,Yes,No,High,65.4
STU1382,1.0,77.5,74.5,75.0,5.1,8,0,Yes,Yes,No,Low,52.7
STU1383,3.3,92.0,76.4,68.5,7.6,8,2,Yes,Yes,No,High,65.6
STU1384,2.8,77.4,55.9,56.9,6.4,10,0,Yes,Yes,No,Medium,54.1
STU1385,4.5,72.4,78.2,63.7,7.6,5,1,Yes,Yes,Yes,Medium,66.3
STU1386,4.8,73.1,71.0,61.5,7.4,7,1,Yes,Yes,Yes,High,67.5
STU1387,7.6,83.7,75.4,81.7,7.7,8,2,Yes,Yes,Yes,Low,65.1
STU1388,5.9,81.6,91.8,62.9,8.3,8,0,Yes,Yes,Yes,High,79.3
STU1389,3.2,91.4,59.1,72.8,8.8,10,3,Yes,Yes,Yes,Low,52.2
STU1390,2.6,68.9,89.4,72.5,9.4,9,1,Yes,Yes,Yes,High,62.9
STU1391,5.1,76.5,86.7,52.5,7.1,7,0,Yes,Yes,No,High,73.6
STU1392,1.8,82.9,54.1,52.5,6.4,8,1,Yes,Yes,No,High,54.0
STU1393,7.5,91.8,94.4,79.8,5.6,9,1,Yes,Yes,Yes,High,83.7
STU1394,6.3,88.7,98.0,82.6,7.6,7,0,Yes,No,Yes,Medium,81.9
STU1395,3.4,94.2,74.0,79.4,8.1,8,2,Yes,No,No,High,59.8
STU1396,1.1,73.8,67.4,61.7,5.5,5,1,Yes,Yes,No,Medium,43.5
STU1397,6.6,94.1,65.8,68.3,8.5,9,0,No,Yes,No,High,74.3
STU1398,4.0,83.6,63.9,63.4,7.0,6,0,Yes,Yes,No,Medium,63.5
STU1399,6.4,82.8,80.5,68.4,5.6,8,0,Yes,No,No,Medium,74.4
STU1400,1.3,73.5,68.2,55.1,6.1,7,0,No,Yes,Yes,Medium,47.0
STU1401,3.1,96.5,92.7,72.7,6.0,9,2,Yes,Yes,Yes,High,72.7
STU1402,4.2,75.4,78.2,54.3,6.0,7,0,No,Yes,No,Medium,54.5
STU1403,4.3,79.9,57.8,64.3,7.8,10,1,Yes,Yes,Yes,High,67.1
STU1404,3.4,78.8,54.7,69.2,8.1,10,0,Yes,Yes,No,High,63.6
STU1405,5.3,86.7,60.5,69.2,9.1,7,0,Yes,Yes,Yes,Medium,64.8
STU1406,2.3,71.2,83.0,55.9,6.3,8,0,Yes,Yes,No,Low,59.7
STU1407,3.9,93.7,54.6,87.1,7.5,10,0,Yes,Yes,Yes,Low,62.8
STU1408,4.4,81.6,60.1,84.9,6.3,9,1,Yes,No,Yes,Medium,59.3
STU1409,5.1,97.1,87.1,61.6,7.1,9,0,No,No,Yes,Medium,72.0
STU1410,5.5,83.2,60.0,74.0,5.3,5,0,Yes,Yes,No,Low,62.6
STU1411,2.2,88.5,86.2,89.2,5.8,6,0,Yes,Yes,Yes,Medium,72.9
STU1412,1.4,74.2,39.8,60.1,8.1,6,2,Yes,Yes,No,Medium,38.9
STU1413,6.5,93.3,85.6,81.3,5.3,10,1,Yes,No,No,Low,70.4
STU1414,4.8,97.1,47.5,88.5,7.8,7,1,Yes,Yes,No,High,66.9
STU1415,2.9,50.9,62.1,50.9,6.3,5,0,Yes,Yes,No,High,48.8
STU1416,7.0,85.3,71.8,84.3,4.8,10,1,Yes,Yes,No,Medium,67.5
STU1417,4.4,81.2,82.2,67.1,4.1,6,1,Yes,Yes,Yes,High,65.6
STU1418,6.3,72.0,80.2,71.5,8.9,8,1,Yes,Yes,Yes,High,71.3
STU1419,4.3,80.5,53.7,71.6,4.8,8,0,Yes,Yes,No,Medium,57.3
STU1420,7.9,80.2,69.5,85.7,7.0,10,4,Yes,Yes,No,Medium,64.2
STU1421,7.4,78.4,57.9,72.9,7.5,9,1,Yes,Yes,Yes,Low,64.0
STU1422,3.8,91.5,52.2,68.5,5.5,9,0,No,Yes,No,High,57.5
STU1423,5.9,82.9,79.0,58.7,6.4,8,0,No,Yes,Yes,High,71.7
STU1424,5.4,95.4,78.9,75.8,7.7,6,1,Yes,No,Yes,High,69.0
STU1425,6.7,80.6,59.9,83.0,7.5,8,1,Yes,No,Yes,Medium,63.0
STU1426,2.5,88.4,86.4,70.4,6.5,7,1,Yes,Yes,Yes,Medium,67.7
STU1427,5.4,69.9,65.0,58.2,7.4,8,0,Yes,No,Yes,Medium,59.2
STU1428,6.1,79.3,93.0,57.7,7.0,7,1,Yes,Yes,Yes,High,77.2
STU1429,1.0,71.0,73.9,52.4,5.9,6,0,Yes,Yes,Yes,Medium,55.6
STU1430,2.1,83.5,57.2,70.4,8.5,7,0,Yes,Yes,Yes,Medium,59.0
STU1431,1.0,88.4,94.1,58.4,7.3,6,0,Yes,Yes,Yes,High,72.9
STU1432,3.7,80.2,54.0,54.6,4.9,5,0,Yes,Yes,Yes,High,52.1
STU1433,5.5,67.7,90.4,60.6,7.7,8,1,Yes,Yes,Yes,Medium,70.2
STU1434,6.9,79.8,80.3,78.2,6.4,10,1,Yes,Yes,Yes,Low,73.8
STU1435,4.3,84.5,78.0,80.1,6.8,7,2,Yes,Yes,Yes,Medium,66.4
STU1436,7.1,71.3,73.2,69.9,7.1,7,0,Yes,Yes,Yes,Medium,67.4
STU1437,1.7,83.6,81.7,70.3,6.1,8,0,Yes,No,No,Low,57.0
STU1438,1.1,69.2,63.8,60.5,9.3,7,3,No,Yes,Yes,Medium,43.0
STU1439,4.1,79.6,79.3,57.7,5.3,8,0,Yes,Yes,Yes,Low,60.7
STU1440,4.9,84.0,72.2,81.7,7.2,8,0,Yes,Yes,Yes,High,77.2
STU1441,4.1,76.1,71.3,67.7,7.6,8,0,Yes,No,Yes,Medium,63.8
STU1442,1.0,89.4,60.1,53.0,7.1,8,1,No,Yes,No,Medium,46.7
STU1443,4.0,57.4,74.1,69.8,6.9,4,1,Yes,Yes,Yes,Medium,61.0
STU1444,1.9,84.1,90.6,61.7,6.6,10,1,Yes,Yes,Yes,High,70.5
STU1445,5.4,80.4,68.1,55.9,6.1,8,5,Yes,Yes,Yes,High,55.7
STU1446,4.9,88.7,83.1,68.4,6.1,9,0,Yes,Yes,Yes,High,74.6
STU1447,2.5,89.0,45.6,59.4,8.5,6,1,Yes,Yes,Yes,High,55.6
STU1448,3.3,87.1,61.6,63.0,6.6,7,2,Yes,Yes,No,High,57.7
STU1449,2.3,91.3,98.0,64.0,9.7,8,2,Yes,Yes,Yes,Medium,67.5
STU1450,4.1,63.4,84.3,56.9,7.9,4,0,Yes,Yes,Yes,Low,59.2
STU1451,5.9,74.6,67.5,67.6,4.0,6,1,Yes,Yes,No,Medium,50.3
STU1452,2.4,75.9,75.1,59.4,8.2,5,0,Yes,Yes,No,Medium,57.7
STU1453,5.1,94.3,90.4,82.1,7.0,6,0,Yes,No,No,Low,70.1
STU1454,3.2,87.4,78.6,62.3,5.4,7,1,Yes,Yes,Yes,High,61.4
STU1455,2.8,67.0,74.1,66.3,8.7,6,0,Yes,Yes,Yes,High,65.7
STU1456,4.0,85.8,57.3,60.1,6.6,10,3,Yes,Yes,Yes,High,59.2
STU1457,2.3,84.7,80.9,69.2,6.5,5,1,No,Yes,No,Low,52.2
STU1458,3.2,80.6,57.4,78.0,7.6,7,1,Yes,Yes,Yes,High,60.0
STU1459,2.0,66.9,75.7,53.0,8.5,5,0,Yes,Yes,Yes,Medium,53.2
STU1460,7.7,73.8,48.6,76.5,7.2,5,1,Yes,Yes,No,High,63.2
STU1461,4.3,95.3,69.8,67.8,7.2,9,1,Yes,Yes,No,Low,65.7
STU1462,2.9,97.9,41.8,68.6,6.3,9,1,Yes,Yes,Yes,High,56.6
STU1463,4.6,81.4,67.6,82.0,8.5,8,0,Yes,No,No,Medium,64.6
STU1464,4.0,85.3,44.9,75.6,7.2,5,3,Yes,Yes,No,High,50.6
STU1465,3.8,84.9,70.7,72.2,6.8,8,0,No,Yes,Yes,High,69.7
STU1466,5.3,80.4,63.2,55.6,6.7,9,1,Yes,Yes,No,Medium,63.5
STU1467,5.6,78.5,57.2,65.3,8.3,9,0,Yes,No,Yes,Low,60.1
STU1468,3.2,69.5,84.5,73.3,6.8,7,1,Yes,Yes,No,Medium,62.6
STU1469,3.2,93.1,55.8,74.4,8.3,9,0,Yes,Yes,No,Low,55.6
STU1470,3.7,66.6,35.0,63.7,6.5,8,0,Yes,Yes,Yes,Medium,47.4
STU1471,1.0,97.3,75.8,68.0,8.0,7,1,Yes,Yes,Yes,Medium,60.3
STU1472,1.5,59.7,43.8,44.4,7.3,6,0,Yes,Yes,No,Medium,45.8
STU1473,6.7,96.0,56.4,85.8,6.0,10,1,Yes,Yes,Yes,High,73.1
STU1474,7.2,76.8,67.8,62.8,7.0,9,3,Yes,No,Yes,High,61.1
STU1475,3.8,61.4,56.5,44.3,4.5,8,1,Yes,Yes,Yes,Low,40.3
STU1476,5.2,91.9,65.2,70.7,6.2,9,3,No,Yes,No,Low,52.5
STU1477,4.8,84.7,51.0,73.3,5.2,7,2,No,Yes,No,Medium,52.9
STU1478,9.7,84.8,73.4,73.9,9.5,7,0,Yes,Yes,Yes,High,80.4
STU1479,6.2,86.1,59.9,77.7,5.2,8,0,Yes,Yes,No,High,67.4
STU1480,4.0,82.4,72.8,60.2,10.2,6,0,Yes,Yes,Yes,Low,56.3
STU1481,2.5,71.6,93.9,51.4,7.7,6,0,Yes,Yes,No,High,71.2
STU1482,1.3,79.7,78.9,69.1,6.5,6,0,Yes,Yes,Yes,Medium,61.1
STU1483,4.6,82.7,62.2,70.4,8.1,9,1,Yes,Yes,Yes,High,65.5
STU1484,2.8,65.1,52.8,48.7,6.3,7,0,Yes,Yes,Yes,High,53.1
STU1485,1.6,88.4,69.4,65.5,5.4,8,0,No,Yes,Yes,Medium,56.1
STU1486,3.0,78.4,68.3,51.4,7.2,6,0,Yes,Yes,Yes,High,64.4
STU1487,2.3,58.8,76.5,54.4,7.9,8,1,Yes,Yes,No,High,59.5
STU1488,7.2,83.3,42.8,87.1,8.6,10,0,Yes,No,Yes,Low,59.5
STU1489,5.8,81.0,85.3,78.2,7.7,8,2,No,No,No,Medium,60.4
STU1490,4.2,71.5,69.8,80.6,6.5,4,1,Yes,Yes,No,Medium,57.4
STU1491,6.9,74.5,98.0,57.4,8.8,10,1,No,Yes,No,Medium,71.0
STU1492,4.3,67.2,86.6,62.5,8.5,9,1,Yes,Yes,Yes,High,65.6
STU1493,2.6,75.3,70.2,49.7,7.4,7,0,Yes,Yes,No,High,59.8
STU1494,6.9,66.1,67.3,67.4,8.6,7,0,Yes,Yes,No,Medium,63.4
STU1495,5.2,78.2,58.1,69.7,9.7,7,0,Yes,Yes,No,High,65.9
STU1496,2.3,75.8,76.5,78.0,6.4,4,2,Yes,Yes,No,High,57.9
STU1497,3.9,67.4,69.7,59.9,6.0,6,0,Yes,Yes,Yes,Medium,61.4
STU1498,2.6,94.2,93.5,69.3,6.4,10,0,No,Yes,Yes,High,76.4
STU1499,1.7,75.4,70.0,65.8,5.5,8,2,Yes,No,No,Medium,45.5
STU1500,5.9,95.8,80.6,80.2,7.8,7,2,Yes,Yes,No,High,71.6
STU1501,7.6,76.7,75.3,90.8,5.2,7,0,Yes,No,Yes,High,70.5
STU1502,1.7,91.8,57.0,71.4,8.6,10,2,Yes,No,Yes,High,49.6
STU1503,5.2,91.3,55.0,82.9,6.3,7,4,Yes,Yes,No,Medium,53.1
STU1504,3.0,93.6,55.1,55.9,8.7,7,1,Yes,Yes,Yes,High,57.8
STU1505,3.3,87.8,87.0,84.7,4.0,7,0,Yes,Yes,Yes,Medium,65.8
STU1506,3.1,79.0,51.6,58.5,6.6,5,2,Yes,Yes,Yes,Medium,48.3
STU1507,2.6,89.9,65.0,67.7,5.5,6,1,Yes,Yes,Yes,High,58.1
STU1508,4.3,92.8,80.0,69.1,8.7,7,1,Yes,Yes,Yes,Medium,67.5
STU1509,2.7,80.9,70.6,55.4,9.1,6,0,Yes,Yes,No,Low,52.1
STU1510,4.7,81.6,60.8,60.3,4.3,9,0,Yes,Yes,No,Medium,60.2
STU1511,4.1,72.0,57.9,64.1,8.1,5,2,Yes,Yes,No,High,51.2
STU1512,3.8,92.8,43.4,57.0,8.4,8,1,Yes,Yes,No,Medium,50.8
STU1513,2.6,58.8,50.7,50.3,7.5,4,0,No,Yes,Yes,Medium,46.2
STU1514,3.2,81.2,87.3,73.7,7.8,7,0,Yes,Yes,No,High,73.0
STU1515,5.6,72.3,67.5,73.0,7.7,6,1,Yes,Yes,No,High,60.2
STU1516,5.1,85.6,42.8,76.6,8.1,8,3,Yes,Yes,No,High,57.4
STU1517,2.4,79.1,61.7,54.6,5.8,7,1,Yes,Yes,No,High,52.4
STU1518,4.4,74.0,73.7,52.5,8.5,9,0,Yes,Yes,Yes,High,66.9
STU1519,5.6,79.9,68.4,80.1,7.4,7,0,Yes,Yes,Yes,Medium,72.3
STU1520,1.2,79.6,67.8,54.8,7.3,9,1,Yes,Yes,Yes,High,60.3
STU1521,5.2,89.0,61.3,74.4,7.8,7,1,Yes,Yes,No,Low,62.6
STU1522,3.0,87.1,63.8,66.0,5.6,7,0,Yes,Yes,Yes,Medium,60.1
STU1523,5.2,93.9,70.4,82.9,5.2,10,0,Yes,Yes,No,Low,67.0
STU1524,2.8,76.8,80.5,76.5,7.0,10,2,Yes,Yes,Yes,Medium,63.6
STU1525,1.0,84.2,84.4,71.8,9.0,9,2,No,Yes,No,High,56.3
STU1526,1.3,86.8,53.7,43.6,5.7,6,1,Yes,Yes,Yes,Medium,51.6
STU1527,4.3,73.2,88.2,62.0,7.3,8,0,Yes,Yes,Yes,Medium,71.8
STU1528,4.7,96.0,64.8,66.3,6.2,9,2,Yes,Yes,Yes,High,65.1
STU1529,2.6,84.5,72.7,72.6,6.1,8,1,Yes,Yes,No,High,61.5
STU1530,5.3,91.3,81.4,76.6,7.7,7,1,Yes,Yes,Yes,High,76.9
STU1531,1.2,84.2,69.2,65.5,8.0,7,1,Yes,No,No,High,57.6
STU1532,4.1,57.4,36.5,52.8,6.2,5,1,Yes,No,Yes,High,44.7
STU1533,2.0,93.6,89.2,59.5,8.8,6,0,Yes,Yes,No,High,68.2
STU1534,3.0,77.8,76.3,56.0,7.6,6,0,Yes,Yes,Yes,High,63.8
STU1535,4.3,94.9,71.3,63.1,6.8,9,0,Yes,No,No,Medium,62.2
STU1536,2.7,83.7,79.3,54.8,7.5,8,3,No,Yes,Yes,High,55.7
STU1537,3.5,92.9,77.7,60.2,9.5,7,0,Yes,Yes,No,Medium,69.3
STU1538,6.0,98.7,47.5,74.1,8.0,9,0,Yes,Yes,Yes,Medium,71.3
STU1539,3.2,78.8,63.4,55.3,6.3,8,0,Yes,Yes,No,Medium,54.9
STU1540,5.7,82.8,37.6,76.7,7.1,8,2,Yes,Yes,No,High,56.1
STU1541,2.2,86.0,69.1,67.4,7.3,8,0,Yes,No,Yes,Medium,58.6
STU1542,5.2,84.4,65.0,75.9,7.9,8,0,Yes,Yes,Yes,High,71.9
STU1543,6.8,70.6,83.5,80.1,7.4,8,1,Yes,Yes,No,Medium,69.6
STU1544,1.0,86.5,54.2,60.6,9.4,5,1,Yes,Yes,No,Medium,47.5
STU1545,2.8,84.0,54.6,59.2,6.8,7,0,Yes,Yes,Yes,High,62.0
STU1546,5.2,86.4,42.7,91.5,5.0,10,1,Yes,Yes,Yes,High,64.9
STU1547,3.8,94.6,74.4,80.9,7.4,8,2,Yes,Yes,Yes,High,69.2
STU1548,4.9,82.4,73.6,72.1,6.6,6,1,Yes,No,Yes,High,61.8
STU1549,3.1,74.8,63.7,62.4,5.3,9,0,Yes,Yes,Yes,High,58.4
STU1550,4.4,99.2,50.3,80.1,6.3,9,1,Yes,Yes,No,Low,56.9
STU1551,3.9,62.5,71.6,56.3,6.7,7,0,Yes,Yes,Yes,High,63.5
STU1552,6.3,91.7,79.0,80.8,8.5,10,1,Yes,Yes,Yes,Medium,79.0
STU1553,4.7,83.7,66.0,74.9,5.3,6,2,Yes,Yes,No,Medium,57.5
STU1554,4.8,93.7,78.9,70.4,7.5,9,1,Yes,Yes,Yes,Medium,73.7
STU1555,3.5,93.1,56.7,59.0,9.8,10,0,Yes,Yes,No,Low,55.5
STU1556,3.3,73.4,70.1,45.0,6.9,6,2,Yes,Yes,No,Low,47.2
STU1557,3.4,87.9,47.2,76.3,6.9,5,2,Yes,Yes,Yes,Medium,51.9
STU1558,4.9,77.2,81.4,55.6,8.0,8,2,Yes,Yes,Yes,Low,64.3
STU1559,3.4,65.3,73.1,61.6,7.7,6,0,Yes,Yes,No,High,62.0
STU1560,4.7,70.8,52.8,55.3,8.8,5,1,Yes,No,No,Medium,46.6
STU1561,7.9,86.3,57.9,72.7,6.9,10,1,Yes,Yes,Yes,Low,68.0
STU1562,5.8,91.4,66.4,72.4,7.9,9,1,Yes,Yes,Yes,Medium,73.9
STU1563,3.6,88.2,85.9,71.5,8.0,5,0,Yes,Yes,Yes,Low,64.4
STU1564,6.4,75.9,89.3,61.8,6.7,10,0,Yes,Yes,Yes,High,85.2
STU1565,3.5,70.2,66.3,55.7,7.0,8,1,Yes,Yes,Yes,Medium,54.8
STU1566,1.0,72.4,53.5,54.0,7.1,3,1,No,Yes,No,Low,35.0
STU1567,2.4,89.9,74.4,57.5,5.6,8,1,Yes,Yes,No,High,62.4
STU1568,1.0,97.0,91.5,77.9,6.6,8,1,Yes,Yes,Yes,Medium,70.8
STU1569,3.6,94.4,53.5,59.2,8.9,10,0,Yes,Yes,No,High,60.1
STU1570,4.2,92.0,50.7,71.9,8.3,7,1,Yes,Yes,Yes,Medium,56.5
STU1571,7.2,84.5,73.4,89.0,6.4,10,2,Yes,Yes,Yes,Low,70.1
STU1572,4.8,98.0,75.5,67.8,7.1,8,1,No,Yes,Yes,High,76.1
STU1573,3.8,67.7,71.1,59.4,8.3,6,0,Yes,Yes,Yes,High,66.3
STU1574,5.7,87.8,70.2,77.1,7.6,7,0,Yes,No,Yes,High,72.1
STU1575,1.0,91.9,85.7,57.5,8.1,4,0,Yes,Yes,No,Low,53.5
STU1576,4.6,68.6,62.7,62.5,7.7,8,0,Yes,Yes,Yes,Medium,62.2
STU1577,5.6,83.4,62.8,78.0,7.4,7,0,Yes,Yes,No,High,72.5
STU1578,1.5,81.6,83.9,56.6,6.9,2,2,Yes,Yes,Yes,High,56.1
STU1579,6.3,80.9,68.0,80.5,5.7,8,0,Yes,Yes,Yes,Medium,69.6
STU1580,4.8,70.8,91.8,67.9,7.9,9,0,Yes,Yes,Yes,Medium,73.8
STU1581,3.5,96.0,98.0,68.8,6.8,6,0,Yes,Yes,No,High,75.0
STU1582,5.3,80.7,47.1,80.3,5.1,7,1,Yes,Yes,Yes,High,64.0
STU1583,8.3,75.8,46.5,71.9,6.4,9,0,Yes,Yes,No,Medium,70.2
STU1584,4.5,78.7,76.6,74.7,8.1,3,2,Yes,Yes,No,Medium,62.1
STU1585,4.6,83.1,43.5,64.6,4.8,7,1,Yes,No,No,Low,43.4
STU1586,3.4,90.3,46.5,67.8,5.9,8,0,Yes,Yes,Yes,Medium,56.3
STU1587,2.7,90.9,48.4,67.2,7.3,7,0,No,Yes,No,Medium,52.8
STU1588,5.7,92.5,61.9,81.1,8.8,6,0,Yes,Yes,Yes,Medium,74.2
STU1589,2.7,98.0,73.1,52.8,8.3,6,1,No,Yes,No,Low,54.4
STU1590,4.3,88.9,62.6,76.0,8.9,5,0,No,Yes,Yes,High,62.8
STU1591,3.3,96.3,86.1,72.2,7.3,7,0,Yes,Yes,Yes,High,77.9
STU1592,5.1,80.2,80.1,72.7,6.8,9,0,No,Yes,Yes,High,74.8
STU1593,4.8,82.2,98.0,74.5,8.1,10,1,Yes,Yes,Yes,Low,75.6
STU1594,6.1,83.2,77.9,78.1,6.0,8,0,Yes,Yes,Yes,Medium,77.4
STU1595,3.3,89.9,83.3,53.8,5.9,9,1,Yes,Yes,No,High,67.4
STU1596,3.7,74.2,74.7,54.7,5.7,5,0,Yes,Yes,No,Medium,60.3
STU1597,2.4,91.5,65.3,70.6,8.4,4,0,Yes,Yes,Yes,High,64.1
STU1598,3.4,79.8,60.1,66.7,6.1,10,0,Yes,Yes,Yes,High,63.9
STU1599,4.9,81.7,40.0,64.2,8.3,7,0,Yes,Yes,Yes,High,61.0
STU1600,5.6,77.4,82.6,76.4,7.3,9,0,Yes,Yes,Yes,Medium,75.4
STU1601,2.5,77.8,88.9,59.3,8.4,7,2,Yes,Yes,No,Medium,55.4
STU1602,5.8,80.5,38.5,79.7,5.8,9,1,Yes,Yes,No,Medium,55.3
STU1603,6.6,86.0,67.6,87.5,6.3,10,1,No,Yes,Yes,Low,63.7
STU1604,4.9,60.3,79.0,62.1,7.6,7,0,Yes,No,Yes,High,63.1
STU1605,7.6,84.2,63.4,84.3,6.6,9,0,Yes,No,No,Medium,74.1
STU1606,2.8,92.9,86.1,65.0,4.1,9,0,Yes,No,No,High,60.5
STU1607,2.0,77.6,73.4,66.9,5.5,6,1,Yes,Yes,Yes,High,58.8
STU1608,1.0,93.6,64.1,66.5,5.8,9,0,Yes,Yes,Yes,High,63.3
STU1609,6.9,88.8,94.6,77.7,5.9,7,0,Yes,Yes,Yes,Medium,85.6
STU1610,5.4,93.7,53.4,68.3,7.9,8,0,Yes,Yes,Yes,High,70.1
STU1611,4.1,74.5,52.8,60.7,7.5,8,0,Yes,Yes,Yes,High,61.2
STU1612,4.7,84.4,64.7,62.4,7.3,5,0,Yes,Yes,Yes,Medium,66.2
STU1613,2.2,65.0,56.2,60.2,9.5,8,0,Yes,Yes,No,High,55.4
STU1614,8.6,77.4,68.4,89.3,8.5,9,1,Yes,Yes,Yes,Medium,78.3
STU1615,4.4,92.4,65.0,81.7,8.1,10,0,Yes,Yes,No,High,72.9
STU1616,4.4,67.1,81.0,81.6,5.3,10,2,Yes,Yes,Yes,High,66.3
STU1617,5.5,85.8,46.3,70.7,7.2,8,0,Yes,Yes,Yes,High,68.4
STU1618,5.1,70.7,50.6,70.4,7.5,10,1,Yes,Yes,Yes,High,61.0
STU1619,4.6,65.1,68.5,51.9,6.6,8,1,Yes,Yes,Yes,High,63.4
STU1620,2.8,91.4,92.0,67.5,9.1,8,3,Yes,Yes,No,Medium,61.4
STU1621,5.0,87.1,76.3,61.7,7.2,5,0,No,No,Yes,Medium,61.6
STU1622,7.6,65.9,67.8,75.3,5.6,5,0,Yes,Yes,Yes,High,70.2
STU1623,6.6,69.1,47.8,66.5,5.9,7,2,Yes,Yes,No,High,53.2
STU1624,7.1,86.4,56.1,63.1,9.8,8,1,Yes,Yes,Yes,Medium,62.7
STU1625,3.3,90.7,82.3,64.8,6.6,8,0,Yes,Yes,Yes,High,74.7
STU1626,2.4,73.6,37.9,73.3,4.6,8,1,Yes,No,Yes,High,41.6
STU1627,4.0,90.1,57.2,75.3,6.4,9,0,Yes,Yes,Yes,Medium,65.7
STU1628,4.3,87.1,62.3,77.6,4.9,7,0,Yes,Yes,Yes,Medium,62.6
STU1629,6.2,81.3,67.3,75.3,8.2,9,4,Yes,No,Yes,Medium,54.9
STU1630,1.2,92.2,68.1,63.2,4.8,6,0,No,Yes,No,Medium,51.0
STU1631,7.0,73.2,47.4,72.7,5.4,6,2,Yes,No,No,High,52.8
STU1632,3.9,80.7,71.8,69.0,7.1,8,2,No,Yes,Yes,Medium,54.3
STU1633,3.4,77.8,73.4,55.3,8.4,6,0,Yes,Yes,Yes,High,66.0
STU1634,2.4,83.2,51.2,69.9,7.0,6,2,Yes,Yes,Yes,Medium,48.4
STU1635,1.2,79.2,79.4,67.2,5.6,8,0,Yes,No,Yes,Low,56.0
STU1636,5.7,68.6,81.2,64.8,7.3,8,0,Yes,No,Yes,High,71.2
STU1637,4.3,85.9,53.8,66.7,6.5,7,2,No,Yes,No,High,51.2
STU1638,1.9,96.7,72.5,63.1,8.5,5,0,Yes,Yes,No,High,69.2
STU1639,1.9,86.9,87.3,78.2,8.1,6,2,Yes,Yes,Yes,High,67.7
STU1640,3.6,87.5,92.8,65.9,6.5,10,0,No,No,No,High,69.6
STU1641,7.2,85.2,80.7,84.4,8.0,10,0,Yes,Yes,Yes,Medium,83.6
STU1642,3.7,94.8,67.7,72.0,7.4,10,1,Yes,Yes,Yes,Low,65.2
STU1643,1.5,95.8,75.2,65.5,8.7,8,1,Yes,Yes,Yes,High,62.5
STU1644,3.8,83.6,81.9,62.1,8.0,7,1,Yes,Yes,Yes,High,68.8
STU1645,3.7,81.8,70.2,59.2,7.8,9,0,Yes,Yes,No,High,67.8
STU1646,1.0,86.1,78.8,67.0,8.7,9,2,Yes,Yes,Yes,High,59.8
STU1647,4.1,71.6,69.4,55.2,7.1,6,0,Yes,No,Yes,High,61.3
STU1648,3.8,72.8,49.4,66.5,6.2,6,1,Yes,Yes,No,Medium,53.0
STU1649,5.5,92.3,74.2,78.4,7.3,6,1,Yes,Yes,Yes,High,73.7
STU1650,7.5,86.7,59.1,86.9,6.7,7,2,No,Yes,Yes,Low,59.9
STU1651,6.2,75.6,55.8,66.5,7.8,9,0,Yes,Yes,Yes,Medium,65.9
STU1652,3.7,81.5,90.0,75.5,7.2,6,1,Yes,No,Yes,Medium,60.8
STU1653,2.2,68.7,79.2,54.8,7.6,7,1,Yes,Yes,No,High,61.1
STU1654,8.8,82.8,51.0,100.0,5.7,10,1,Yes,Yes,Yes,Medium,71.4
STU1655,4.3,72.3,50.6,51.1,7.7,7,1,Yes,Yes,No,Medium,51.7
STU1656,4.2,85.1,64.3,89.6,5.6,7,0,Yes,Yes,Yes,High,65.5
STU1657,4.2,82.2,65.7,67.7,8.3,8,0,Yes,No,Yes,High,63.6
STU1658,4.6,92.6,70.9,76.9,8.3,7,0,No,Yes,Yes,Low,67.3
STU1659,3.9,92.3,54.6,68.0,7.5,7,0,Yes,No,No,High,60.2
STU1660,3.2,94.0,78.6,59.0,7.5,7,0,Yes,Yes,Yes,Medium,68.7
STU1661,3.2,78.6,70.6,59.7,6.8,5,1,Yes,Yes,No,High,59.7
STU1662,4.1,90.1,68.1,69.4,6.4,9,1,Yes,Yes,Yes,High,64.6
STU1663,3.2,85.9,69.6,69.0,7.1,7,1,Yes,Yes,Yes,High,66.0
STU1664,2.9,85.1,64.3,75.2,9.5,9,2,Yes,Yes,Yes,High,55.6
STU1665,4.4,74.9,43.8,67.2,7.4,8,1,Yes,Yes,No,Medium,50.7
STU1666,3.7,81.0,68.8,68.3,5.5,7,1,Yes,Yes,Yes,High,59.1
STU1667,6.9,89.3,70.0,83.4,5.0,10,0,No,Yes,Yes,Medium,70.0
STU1668,1.0,98.4,63.5,53.2,5.4,6,0,Yes,Yes,Yes,Medium,55.2
STU1669,6.2,83.3,80.7,61.9,6.6,7,1,Yes,Yes,No,High,72.8
STU1670,6.4,92.8,88.2,68.6,8.6,10,1,Yes,Yes,No,Medium,75.3
STU1671,1.0,86.8,98.0,58.4,5.9,3,0,Yes,Yes,No,Medium,65.3
STU1672,3.6,87.8,91.7,54.7,8.8,7,3,Yes,Yes,Yes,Medium,62.7
STU1673,3.5,77.5,59.5,58.7,7.3,8,2,Yes,Yes,No,Medium,52.1
STU1674,1.7,76.9,60.9,47.6,7.7,8,0,Yes,Yes,No,Medium,53.6
STU1675,2.8,83.6,66.6,69.1,7.6,9,0,Yes,Yes,Yes,High,66.0
STU1676,2.2,85.2,58.7,67.7,7.8,7,0,Yes,Yes,Yes,Medium,59.0
STU1677,7.4,74.5,71.9,72.0,6.6,9,0,Yes,Yes,Yes,High,72.1
STU1678,5.9,77.9,55.7,56.5,4.3,6,1,Yes,No,Yes,Medium,47.5
STU1679,6.5,98.2,77.5,81.7,6.4,8,2,No,Yes,No,High,72.7
STU1680,5.5,95.4,69.2,81.8,6.0,10,0,Yes,Yes,No,Medium,74.8
STU1681,2.2,61.4,71.7,58.8,7.5,6,1,Yes,Yes,No,Medium,56.2
STU1682,3.3,67.9,61.8,72.9,7.4,7,1,No,Yes,Yes,Medium,52.0
STU1683,5.1,71.9,71.0,75.2,6.8,6,1,Yes,Yes,Yes,Medium,62.0
STU1684,2.0,88.5,94.2,66.6,9.2,8,1,Yes,Yes,Yes,Low,62.1
STU1685,5.5,80.0,54.9,69.2,6.3,9,0,Yes,Yes,Yes,Medium,65.7
STU1686,3.8,69.1,63.4,55.0,4.4,8,0,Yes,Yes,No,High,52.6
STU1687,3.5,75.1,84.0,73.9,7.2,5,0,No,Yes,Yes,Low,60.4
STU1688,5.5,75.7,55.3,70.7,8.5,9,0,Yes,Yes,No,Medium,64.7
STU1689,5.0,88.9,63.1,79.5,7.4,6,1,No,Yes,No,Medium,60.3
STU1690,3.6,82.0,87.4,62.1,6.7,7,1,Yes,Yes,No,Low,64.1
STU1691,6.3,62.2,54.4,55.1,7.4,5,2,Yes,Yes,Yes,High,58.7
STU1692,2.3,82.1,96.9,59.7,9.3,7,1,Yes,Yes,No,High,68.7
STU1693,5.3,85.3,66.1,71.1,6.0,6,1,No,Yes,No,Medium,60.7
STU1694,5.3,99.3,48.7,82.1,7.1,8,0,No,No,No,Medium,62.0
STU1695,3.6,88.5,77.2,64.2,7.9,8,0,Yes,Yes,No,Medium,71.6
STU1696,4.8,78.5,70.9,68.8,7.4,9,1,Yes,Yes,No,Medium,67.9
STU1697,1.9,91.3,59.5,75.8,6.8,8,1,Yes,Yes,Yes,Medium,57.5
STU1698,5.9,80.0,58.3,59.3,6.6,4,0,No,Yes,No,Medium,59.3
STU1699,3.9,84.9,75.0,52.2,6.8,8,1,Yes,No,No,Medium,59.2
STU1700,3.3,87.3,40.4,78.5,7.7,8,0,Yes,Yes,No,High,57.2
STU1701,6.1,85.6,74.3,64.4,7.7,7,1,Yes,Yes,No,Medium,68.5
STU1702,2.9,84.6,90.6,63.0,9.6,6,0,Yes,Yes,Yes,Medium,68.9
STU1703,1.7,65.5,43.6,57.7,5.3,6,0,Yes,Yes,Yes,Medium,40.5
STU1704,1.4,74.9,68.0,56.2,9.2,7,0,Yes,Yes,Yes,High,55.6
STU1705,5.3,85.8,65.0,73.2,6.9,8,0,Yes,Yes,Yes,High,73.3
STU1706,1.9,67.1,41.2,54.8,7.0,6,1,Yes,Yes,Yes,Medium,45.1
STU1707,7.4,57.4,39.5,86.0,8.1,3,0,Yes,Yes,Yes,High,56.2
STU1708,1.0,74.8,65.1,69.6,8.1,5,2,Yes,Yes,Yes,High,52.1
STU1709,7.3,93.3,67.5,78.0,8.5,7,1,Yes,Yes,No,High,76.8
STU1710,4.6,81.3,85.9,77.9,8.7,10,0,Yes,Yes,Yes,Medium,76.8
STU1711,4.0,71.2,47.4,66.6,7.1,7,0,Yes,Yes,Yes,Medium,58.3
STU1712,3.2,94.1,80.5,71.5,8.8,9,0,Yes,Yes,Yes,Medium,69.5
STU1713,4.9,66.2,68.4,55.5,6.3,8,1,Yes,Yes,Yes,High,59.7
STU1714,4.1,90.3,98.0,76.1,6.7,8,1,Yes,Yes,Yes,Medium,76.6
STU1715,6.2,81.7,76.6,72.0,6.9,7,0,Yes,Yes,Yes,Medium,75.5
STU1716,4.4,64.0,75.1,57.2,6.5,6,2,Yes,Yes,No,High,54.2
STU1717,4.5,84.4,78.6,64.6,7.2,5,1,Yes,No,Yes,High,64.6
STU1718,3.5,77.4,56.8,72.2,8.2,7,0,Yes,Yes,No,Low,58.4
STU1719,4.1,80.6,59.5,61.5,7.9,8,0,No,Yes,No,Medium,54.8
STU1720,4.8,85.1,91.2,65.9,6.4,8,1,Yes,Yes,No,Medium,74.2
STU1721,1.1,83.6,37.6,66.3,6.3,7,0,Yes,Yes,Yes,High,51.1
STU1722,1.8,90.0,61.1,64.2,6.1,5,0,Yes,Yes,Yes,Medium,57.4
STU1723,5.5,80.6,54.1,70.9,7.2,7,0,No,Yes,Yes,Medium,62.7
STU1724,4.5,97.6,73.9,85.6,5.2,7,3,Yes,Yes,Yes,Medium,57.7
STU1725,3.9,78.7,68.0,76.6,6.0,8,1,No,Yes,Yes,Low,50.5
STU1726,4.2,90.8,76.6,56.0,6.5,8,0,Yes,Yes,No,Low,63.8
STU1727,4.8,90.4,71.6,73.6,8.4,7,1,Yes,Yes,Yes,Low,63.8
STU1728,3.2,79.9,51.6,53.3,6.9,7,0,Yes,Yes,Yes,High,61.1
STU1729,2.8,73.9,53.8,57.3,8.3,5,2,Yes,Yes,Yes,Low,40.3
STU1730,4.6,93.2,60.5,75.3,7.3,8,2,Yes,Yes,No,High,66.3
STU1731,2.4,90.4,61.7,64.6,6.5,8,1,Yes,Yes,No,Low,50.3
STU1732,4.9,81.4,67.0,62.2,6.6,6,0,Yes,Yes,Yes,High,68.9
STU1733,1.1,79.5,81.1,49.4,5.7,6,1,Yes,Yes,Yes,Medium,52.9
STU1734,6.1,85.9,77.9,82.1,10.0,7,0,Yes,Yes,Yes,High,79.4
STU1735,5.1,89.3,91.7,87.2,8.4,6,0,Yes,No,No,Medium,71.5
STU1736,4.7,80.2,60.4,52.7,7.8,10,0,Yes,Yes,No,High,67.4
STU1737,6.0,89.6,64.4,75.2,5.5,10,0,No,No,No,High,61.3
STU1738,7.2,84.9,87.3,84.9,6.6,8,1,Yes,Yes,Yes,Medium,82.8
STU1739,6.0,93.6,59.4,79.5,5.9,8,1,Yes,Yes,No,Medium,67.3
STU1740,1.0,90.0,60.3,54.1,7.3,4,0,Yes,No,No,High,52.9
STU1741,1.9,99.7,67.2,66.7,6.0,5,1,Yes,Yes,No,High,62.8
STU1742,3.1,87.7,85.1,70.6,6.3,6,0,Yes,No,Yes,High,68.0
STU1743,4.2,97.9,76.4,74.1,6.0,8,0,Yes,Yes,Yes,Medium,71.8
STU1744,5.1,79.4,81.0,69.6,6.8,7,2,Yes,No,Yes,Low,59.7
STU1745,2.9,93.9,88.0,70.5,7.2,8,0,Yes,Yes,Yes,Medium,74.3
STU1746,4.5,97.3,88.6,73.0,6.8,9,0,Yes,Yes,No,High,80.1
STU1747,2.8,73.4,47.7,66.6,8.9,7,0,Yes,No,No,High,50.1
STU1748,3.1,88.9,86.9,64.9,8.1,6,1,Yes,Yes,Yes,Low,64.8
STU1749,1.7,59.9,91.5,42.0,6.2,6,0,Yes,Yes,Yes,High,62.5
STU1750,2.5,87.1,81.0,83.9,7.5,8,0,Yes,Yes,Yes,Medium,70.2
STU1751,1.8,90.7,66.6,65.1,6.3,6,0,Yes,Yes,No,High,58.6
STU1752,2.4,73.7,78.9,38.2,6.6,4,0,No,No,Yes,Medium,53.4
STU1753,6.1,75.5,67.5,81.1,7.7,9,0,Yes,Yes,Yes,Low,68.0
STU1754,2.5,83.3,46.1,74.2,7.9,7,0,Yes,Yes,Yes,High,61.4
STU1755,8.9,89.5,54.9,90.1,6.4,5,2,Yes,Yes,Yes,Medium,68.3
STU1756,5.1,70.8,79.8,70.8,5.8,10,1,Yes,Yes,No,Medium,61.6
STU1757,4.5,79.7,52.6,85.6,7.2,7,0,No,Yes,No,High,65.3
STU1758,2.7,70.4,56.6,50.6,7.6,10,0,No,Yes,Yes,High,56.3
STU1759,5.5,97.1,82.9,81.1,6.3,9,0,Yes,Yes,No,Medium,81.6
STU1760,3.2,84.3,72.6,82.5,8.1,7,1,Yes,Yes,Yes,High,66.4
STU1761,4.4,76.0,83.4,83.7,7.9,7,0,Yes,No,No,Medium,67.7
STU1762,8.8,91.7,54.3,84.3,6.3,8,2,Yes,Yes,Yes,High,68.0
STU1763,4.0,80.7,79.5,83.4,8.5,7,0,No,Yes,Yes,High,67.4
STU1764,6.3,94.4,57.2,87.5,8.5,10,1,Yes,Yes,Yes,High,71.4
STU1765,2.9,71.8,49.1,71.6,9.6,5,0,Yes,Yes,Yes,High,52.9
STU1766,4.1,85.1,60.9,76.0,9.2,8,1,Yes,Yes,Yes,Medium,61.2
STU1767,7.4,89.1,85.4,84.2,6.0,8,1,Yes,Yes,No,High,78.6
STU1768,3.1,92.0,64.1,88.0,8.2,7,0,No,Yes,No,Medium,62.9
STU1769,7.5,87.3,95.5,76.9,8.2,10,0,Yes,Yes,Yes,Low,81.3
STU1770,5.5,76.3,45.3,84.9,6.7,8,0,Yes,Yes,No,Medium,64.8
STU1771,3.2,87.6,44.7,84.9,7.6,8,1,Yes,Yes,Yes,High,62.6
STU1772,5.3,70.7,86.7,77.2,4.8,7,3,Yes,Yes,No,Low,54.6
STU1773,6.0,83.7,92.0,74.3,4.8,10,3,No,Yes,Yes,High,65.2
STU1774,5.3,83.1,63.5,74.4,5.0,6,0,No,No,No,Medium,50.2
STU1775,1.4,71.4,79.8,44.7,7.6,4,2,No,Yes,Yes,Medium,48.3
STU1776,2.9,97.1,89.1,68.6,7.6,10,0,Yes,No,Yes,High,73.8
STU1777,3.8,64.9,60.4,63.8,6.8,6,1,Yes,Yes,Yes,Low,48.6
STU1778,4.1,89.1,70.2,60.4,9.2,8,0,Yes,Yes,Yes,High,66.7
STU1779,5.3,95.1,67.3,76.1,8.3,10,3,Yes,Yes,No,Medium,67.2
STU1780,4.5,80.8,51.1,84.5,5.2,8,0,Yes,No,Yes,High,58.1
STU1781,1.8,82.9,66.7,60.6,6.9,10,0,Yes,Yes,Yes,Medium,63.1
STU1782,4.9,85.3,67.3,80.6,6.0,8,0,Yes,No,Yes,Medium,67.0
STU1783,5.3,92.7,68.1,81.8,7.6,7,0,Yes,Yes,Yes,High,75.9
STU1784,5.2,96.7,40.8,76.5,7.1,5,1,Yes,Yes,No,Medium,60.4
STU1785,6.1,71.2,67.3,67.7,6.0,8,2,Yes,No,Yes,Medium,59.0
STU1786,5.7,99.1,65.3,83.0,9.1,5,2,No,No,No,Medium,55.5
STU1787,5.0,91.0,59.6,59.1,7.2,9,0,Yes,Yes,Yes,Medium,68.5
STU1788,4.1,90.1,98.0,79.9,6.6,10,1,Yes,Yes,No,Medium,76.3
STU1789,1.2,80.4,71.9,57.9,6.8,6,1,No,Yes,No,High,54.9
STU1790,5.0,84.4,70.6,80.1,9.0,8,1,Yes,Yes,No,Medium,66.4
STU1791,4.6,89.6,73.9,76.7,8.2,9,0,Yes,Yes,No,Medium,72.2
STU1792,4.7,67.1,90.5,61.3,6.9,8,1,Yes,Yes,Yes,Medium,62.3
STU1793,1.9,84.8,70.5,64.7,5.9,9,0,Yes,Yes,No,Low,55.2
STU1794,2.3,89.8,78.6,68.4,6.1,7,0,Yes,Yes,No,High,64.5
STU1795,6.1,83.9,56.4,87.1,6.5,5,2,No,No,No,High,56.8
STU1796,4.1,94.9,66.2,75.3,7.7,10,1,Yes,Yes,No,High,67.9
STU1797,5.4,60.9,64.7,64.0,8.0,6,0,Yes,Yes,No,High,61.8
STU1798,4.3,98.1,83.1,66.9,6.2,7,1,Yes,No,Yes,High,68.1
STU1799,4.3,82.7,78.8,68.9,8.1,8,1,Yes,Yes,Yes,Low,61.3
STU1800,5.9,92.4,86.2,90.5,6.0,9,1,Yes,Yes,Yes,High,84.5
STU1801,3.3,96.0,46.7,76.3,6.4,7,1,Yes,Yes,No,Medium,58.3
STU1802,4.4,74.0,61.3,56.6,5.4,5,0,Yes,Yes,Yes,High,62.5
STU1803,3.4,77.4,97.9,56.1,5.3,8,1,Yes,Yes,Yes,Medium,66.8
STU1804,3.4,81.3,50.8,59.9,6.0,6,1,Yes,Yes,Yes,Low,48.4
STU1805,3.6,79.0,82.1,73.3,7.1,7,0,Yes,Yes,Yes,High,75.3
STU1806,4.6,73.9,81.1,72.8,5.9,8,1,Yes,Yes,No,Medium,62.1
STU1807,3.3,87.1,67.5,40.8,8.9,9,0,Yes,No,No,Low,50.7
STU1808,6.5,87.6,42.3,77.6,6.0,10,2,Yes,Yes,Yes,Medium,59.1
STU1809,2.6,66.1,61.6,57.0,7.3,6,1,Yes,Yes,Yes,High,56.2
STU1810,3.9,75.4,94.1,56.7,8.7,6,2,No,Yes,Yes,Medium,57.0
STU1811,3.4,91.6,90.1,67.9,7.2,10,1,No,Yes,Yes,Medium,67.7
STU1812,6.8,84.9,70.8,88.5,6.7,10,0,Yes,Yes,Yes,High,77.6
STU1813,4.6,74.7,52.6,69.4,7.3,7,1,Yes,Yes,Yes,Medium,58.0
STU1814,6.1,84.1,92.4,71.4,6.4,8,0,Yes,Yes,Yes,High,79.4
STU1815,1.5,74.1,87.2,55.1,5.9,6,1,Yes,Yes,Yes,High,58.7
STU1816,4.7,73.1,58.0,63.8,7.8,7,0,Yes,Yes,No,Low,58.6
STU1817,5.8,95.9,68.9,82.6,6.4,8,3,Yes,Yes,Yes,Medium,68.7
STU1818,4.3,90.8,79.3,61.9,8.2,6,2,Yes,Yes,Yes,High,66.6
STU1819,6.1,93.2,69.7,74.5,8.1,9,0,Yes,Yes,Yes,Medium,76.9
STU1820,3.3,74.8,77.3,70.6,7.3,9,1,Yes,Yes,No,High,64.1
STU1821,6.7,86.9,89.9,78.0,8.3,7,0,Yes,Yes,Yes,High,82.4
STU1822,8.3,77.3,72.0,71.8,6.4,8,3,Yes,Yes,Yes,Medium,65.8
STU1823,3.5,80.2,78.6,59.1,8.0,6,2,Yes,Yes,Yes,High,58.5
STU1824,3.4,79.8,54.7,70.9,8.0,9,0,Yes,Yes,No,High,62.9
STU1825,6.8,89.0,98.0,75.8,6.7,10,0,No,Yes,No,High,83.7
STU1826,7.0,80.1,73.2,80.1,6.6,6,0,Yes,No,No,Medium,67.2
STU1827,3.3,74.7,84.4,57.2,7.5,4,0,No,No,Yes,Medium,60.0
STU1828,3.4,83.7,66.4,58.0,9.5,9,0,Yes,Yes,No,Low,57.5
STU1829,3.7,80.0,56.8,68.1,6.8,5,0,Yes,Yes,No,High,61.8
STU1830,1.8,89.6,71.7,64.4,6.6,8,0,Yes,Yes,Yes,Medium,62.7
STU1831,2.5,75.9,37.7,65.9,8.5,6,1,Yes,Yes,No,Low,41.7
STU1832,2.4,71.0,79.3,64.8,7.2,7,1,Yes,Yes,Yes,High,64.3
STU1833,2.8,82.6,66.8,61.8,8.1,8,3,Yes,Yes,Yes,Low,49.7
STU1834,4.1,97.8,65.4,79.0,8.9,7,1,Yes,No,No,Low,59.0
STU1835,4.6,76.9,73.8,64.1,4.8,6,3,Yes,Yes,No,High,54.3
STU1836,7.0,83.7,63.2,82.9,7.1,9,1,Yes,Yes,Yes,High,73.5
STU1837,2.4,74.6,80.2,61.4,6.8,5,1,Yes,Yes,Yes,High,63.2
STU1838,6.0,88.6,80.6,72.3,5.9,10,0,Yes,Yes,No,High,75.9
STU1839,3.8,93.8,59.9,67.6,4.8,7,0,Yes,Yes,Yes,Low,57.6
STU1840,4.1,94.1,55.1,76.5,5.2,8,0,Yes,Yes,Yes,Low,55.1
STU1841,5.4,95.6,59.5,88.3,7.2,8,0,Yes,Yes,Yes,High,77.5
STU1842,2.2,90.1,74.8,73.9,6.5,7,0,Yes,Yes,No,Medium,62.9
STU1843,4.9,83.6,79.9,64.0,6.1,7,0,Yes,Yes,No,Medium,71.2
STU1844,4.5,81.9,47.6,62.7,7.2,7,0,Yes,Yes,Yes,High,66.2
STU1845,5.1,82.7,92.4,66.1,6.3,4,0,Yes,Yes,Yes,Medium,74.7
STU1846,4.7,86.5,57.3,67.6,8.6,7,0,Yes,Yes,Yes,Low,59.4
STU1847,8.6,79.9,36.6,66.2,6.4,8,3,No,No,Yes,High,48.4
STU1848,3.1,92.3,98.0,76.8,8.9,7,1,Yes,Yes,No,High,71.3
STU1849,3.2,71.3,45.2,56.6,7.1,8,2,Yes,Yes,Yes,High,45.8
STU1850,3.1,70.4,86.1,63.2,6.3,5,1,Yes,Yes,Yes,High,66.1
STU1851,3.2,91.1,75.2,67.6,6.2,10,0,Yes,No,No,High,66.3
STU1852,3.1,95.1,68.1,71.7,8.9,6,1,Yes,Yes,Yes,Medium,58.9
STU1853,6.3,86.0,62.4,71.4,7.9,7,0,Yes,Yes,Yes,Medium,74.5
STU1854,6.8,86.1,74.2,78.2,6.2,6,1,Yes,Yes,Yes,Medium,70.2
STU1855,3.2,93.2,87.7,64.2,7.2,9,2,No,No,No,High,60.8
STU1856,2.7,87.2,59.6,66.5,4.3,7,0,Yes,Yes,Yes,High,54.4
STU1857,5.0,85.1,84.0,84.2,5.5,9,0,No,Yes,Yes,Medium,67.3
STU1858,3.2,70.6,87.2,64.1,6.2,7,0,Yes,Yes,Yes,Medium,63.0
STU1859,5.3,87.5,75.1,77.0,6.2,8,0,Yes,Yes,No,High,74.3
STU1860,4.6,79.6,58.1,58.0,8.6,8,0,Yes,Yes,Yes,High,68.5
STU1861,1.5,96.9,82.1,72.5,4.8,10,0,Yes,Yes,No,Medium,64.7
STU1862,7.0,70.1,77.8,76.4,5.4,7,0,Yes,Yes,No,High,70.7
STU1863,7.4,74.9,60.4,76.8,7.6,10,2,Yes,No,No,High,57.2
STU1864,3.1,76.8,66.0,64.4,7.4,8,1,Yes,Yes,Yes,Medium,61.9
STU1865,3.5,70.2,78.6,59.5,6.7,7,1,Yes,Yes,Yes,High,63.9
STU1866,4.7,91.8,76.4,80.2,9.6,9,0,Yes,Yes,Yes,High,75.7
STU1867,4.8,85.5,87.1,83.3,7.8,3,1,Yes,Yes,Yes,Medium,74.3
STU1868,5.4,64.7,72.9,66.2,8.6,6,0,Yes,Yes,No,Medium,65.4
STU1869,7.8,83.5,56.4,72.4,7.0,8,2,Yes,Yes,Yes,Medium,68.4
STU1870,3.9,70.0,95.5,54.5,6.4,10,0,No,Yes,Yes,Low,63.0
STU1871,2.8,90.6,52.4,74.5,6.5,7,1,Yes,Yes,Yes,High,57.2
STU1872,1.7,66.8,60.1,45.8,8.2,6,0,Yes,No,No,High,51.4
STU1873,2.9,87.9,75.4,69.3,8.0,7,2,Yes,Yes,Yes,Medium,57.5
STU1874,4.1,79.0,84.7,64.0,6.8,5,2,No,No,Yes,Medium,58.0
STU1875,7.4,77.1,79.3,67.2,7.7,7,1,Yes,No,Yes,High,72.1
STU1876,3.3,82.6,98.0,72.9,8.3,8,2,Yes,No,No,High,63.2
STU1877,4.6,95.3,60.1,82.1,6.4,5,2,Yes,Yes,Yes,High,62.0
STU1878,4.2,67.8,52.8,50.7,6.7,7,0,Yes,Yes,Yes,Medium,52.6
STU1879,6.3,74.6,72.5,75.1,7.6,6,0,Yes,No,Yes,High,68.7
STU1880,8.7,89.3,67.7,88.4,5.0,10,2,Yes,Yes,No,Low,66.0
STU1881,3.2,86.4,78.6,74.5,7.7,8,0,Yes,Yes,Yes,High,69.6
STU1882,3.3,63.7,51.1,58.1,5.7,4,1,No,Yes,No,Low,36.2
STU1883,6.1,84.1,80.8,86.8,8.2,7,0,Yes,Yes,No,Medium,73.5
STU1884,5.4,84.6,81.0,72.5,9.7,9,0,No,Yes,Yes,Medium,70.6
STU1885,7.5,80.4,49.5,75.5,6.3,8,0,Yes,Yes,Yes,Medium,68.3
STU1886,5.3,92.2,81.1,69.2,5.5,8,2,Yes,Yes,Yes,Medium,67.0
STU1887,3.6,81.3,57.2,59.0,6.9,7,1,Yes,Yes,Yes,High,56.3
STU1888,5.3,93.6,51.2,69.5,6.8,10,3,Yes,Yes,Yes,High,61.5
STU1889,6.2,79.7,73.9,75.2,7.9,9,1,Yes,Yes,Yes,Medium,71.2
STU1890,5.7,73.2,36.5,66.5,7.4,7,0,Yes,Yes,Yes,Medium,57.1
STU1891,5.1,90.4,86.5,78.1,6.7,8,2,Yes,Yes,Yes,Medium,72.8
STU1892,6.1,86.8,35.0,67.0,7.2,7,0,Yes,Yes,No,Medium,62.1
STU1893,6.3,87.0,45.0,70.6,5.8,10,1,Yes,Yes,No,Medium,60.1
STU1894,6.7,91.0,92.0,73.6,8.1,10,1,Yes,Yes,Yes,Medium,77.4
STU1895,5.4,82.2,58.5,89.7,9.0,7,0,Yes,Yes,Yes,Medium,70.4
STU1896,3.9,93.4,61.9,72.1,5.7,8,1,Yes,Yes,No,Medium,57.5
STU1897,4.5,76.4,89.4,66.2,5.2,9,3,Yes,Yes,No,Low,54.5
STU1898,6.4,82.8,62.1,75.0,6.6,10,0,Yes,Yes,No,Medium,71.1
STU1899,2.7,84.5,89.1,77.8,5.6,7,0,Yes,Yes,Yes,Medium,69.4
STU1900,4.9,87.5,83.0,60.5,5.6,6,0,Yes,Yes,Yes,Medium,69.9
STU1901,3.5,63.4,80.6,56.7,5.4,9,1,Yes,Yes,Yes,Medium,57.1
STU1902,4.3,97.7,53.3,63.8,6.9,9,1,Yes,Yes,No,Medium,59.4
STU1903,6.5,84.3,48.3,57.6,6.6,8,0,Yes,Yes,Yes,High,71.1
STU1904,4.5,81.3,98.0,63.3,7.5,6,1,Yes,No,Yes,Low,66.2
STU1905,4.3,63.9,56.7,63.1,6.4,7,1,Yes,No,Yes,High,50.6
STU1906,1.8,86.3,98.0,57.2,5.6,4,2,Yes,Yes,No,High,58.4
STU1907,5.5,59.1,95.6,64.2,7.1,8,0,Yes,Yes,Yes,High,74.5
STU1908,5.4,75.3,79.1,69.7,5.8,9,0,Yes,No,No,High,69.8
STU1909,8.1,76.0,72.6,76.2,7.7,9,2,No,No,No,Medium,63.1
STU1910,3.6,76.8,62.5,74.3,5.1,5,0,Yes,Yes,No,Medium,55.6
STU1911,4.6,90.2,68.6,69.1,4.5,9,0,Yes,Yes,Yes,Medium,63.7
STU1912,4.6,84.7,58.4,74.2,5.2,9,0,Yes,Yes,No,High,64.8
STU1913,7.0,77.3,73.0,60.2,6.6,7,1,Yes,Yes,Yes,High,73.5
STU1914,4.0,68.4,45.6,62.0,6.8,8,0,Yes,Yes,Yes,High,55.2
STU1915,4.7,70.0,46.3,62.0,7.3,8,1,Yes,Yes,No,Medium,51.5
STU1916,5.3,90.7,88.8,66.8,6.4,8,2,Yes,Yes,Yes,Medium,73.1
STU1917,4.5,87.7,45.6,75.5,6.1,7,1,Yes,No,Yes,Medium,56.9
STU1918,3.4,78.4,76.9,58.5,8.8,7,0,Yes,Yes,Yes,High,66.2
STU1919,4.5,98.1,46.1,91.4,8.5,7,0,No,Yes,Yes,Low,58.5
STU1920,6.1,86.6,76.0,57.1,8.3,9,0,Yes,Yes,Yes,High,74.5
STU1921,2.4,82.1,62.9,65.2,7.5,8,0,Yes,Yes,Yes,Medium,62.3
STU1922,4.4,77.2,87.6,67.1,7.6,9,0,Yes,No,Yes,High,74.3
STU1923,2.9,91.7,60.9,67.3,6.1,8,3,No,Yes,No,High,55.4
STU1924,6.4,79.8,41.7,69.9,7.3,8,0,Yes,Yes,Yes,High,67.7
STU1925,1.5,89.3,65.6,64.7,6.0,7,0,Yes,Yes,Yes,High,62.0
STU1926,3.2,87.1,69.7,76.6,5.8,6,0,Yes,Yes,Yes,Low,58.0
STU1927,4.9,90.3,65.6,61.5,5.2,7,0,Yes,Yes,No,Medium,60.0
STU1928,7.0,70.4,83.0,64.8,7.6,10,1,Yes,Yes,No,Medium,70.6
STU1929,4.1,78.0,63.9,57.9,7.3,8,0,Yes,Yes,No,Medium,66.5
STU1930,3.2,73.9,43.8,52.8,6.7,7,0,Yes,Yes,Yes,Medium,55.0
STU1931,7.6,64.2,60.4,72.6,6.6,5,0,Yes,Yes,Yes,Medium,66.8
STU1932,1.6,91.2,65.4,70.1,4.9,8,0,Yes,No,Yes,Low,50.9
STU1933,1.0,77.3,64.9,65.2,7.4,4,0,Yes,Yes,Yes,High,59.0
STU1934,5.0,82.5,98.0,76.1,6.7,6,1,Yes,No,Yes,High,69.4
STU1935,3.3,81.6,87.6,71.2,8.2,5,1,Yes,No,No,Medium,61.9
STU1936,2.4,91.9,82.7,56.9,7.3,6,0,Yes,No,Yes,Low,58.3
STU1937,5.5,68.5,73.9,77.6,7.9,8,1,Yes,Yes,No,Low,59.1
STU1938,4.6,73.2,78.4,63.7,7.1,7,0,No,Yes,Yes,Medium,62.6
STU1939,3.2,80.5,75.4,73.1,7.3,6,1,Yes,Yes,No,High,63.0
STU1940,1.9,88.9,65.4,54.1,8.2,6,0,Yes,Yes,Yes,High,60.5
STU1941,5.8,90.3,75.7,75.6,6.9,9,2,Yes,Yes,No,Low,65.8
STU1942,5.4,77.0,40.1,77.2,7.7,9,0,Yes,Yes,Yes,Medium,61.7
STU1943,4.0,98.9,63.5,76.7,6.6,8,1,Yes,No,No,High,62.7
STU1944,7.5,76.1,64.4,69.5,6.9,6,0,Yes,Yes,Yes,Low,64.1
STU1945,2.3,73.0,57.7,68.9,9.0,6,1,No,No,Yes,High,46.0
STU1946,1.5,96.6,63.4,58.4,7.9,10,0,Yes,Yes,Yes,Medium,60.7
STU1947,3.0,90.7,69.3,69.2,6.5,6,1,Yes,Yes,Yes,Medium,59.8
STU1948,4.1,92.4,72.9,78.6,7.6,8,0,No,Yes,No,High,68.6
STU1949,4.6,74.4,68.9,82.8,5.6,10,2,Yes,Yes,No,High,57.6
STU1950,3.8,95.5,82.3,70.5,6.8,8,0,Yes,Yes,No,High,72.3
STU1951,4.8,79.3,79.8,66.8,6.0,10,2,No,Yes,No,Medium,62.1
STU1952,1.9,80.6,71.4,57.4,7.6,6,1,Yes,Yes,Yes,Medium,54.1
STU1953,6.8,82.6,77.0,78.6,6.9,5,2,Yes,Yes,No,High,74.2
STU1954,4.1,69.0,49.8,66.5,7.4,6,0,Yes,Yes,Yes,Low,55.2
STU1955,6.2,96.7,61.2,90.7,8.0,8,1,Yes,Yes,No,High,72.7
STU1956,4.8,89.2,60.8,80.0,6.5,5,1,Yes,Yes,Yes,High,65.5
STU1957,5.0,67.0,91.5,59.5,6.6,6,0,No,Yes,No,High,67.0
STU1958,5.2,73.3,74.0,73.8,7.1,9,0,Yes,Yes,Yes,High,69.2
STU1959,5.0,65.2,50.1,63.3,6.1,6,2,Yes,Yes,Yes,Low,40.9
STU1960,5.4,78.3,74.0,76.3,7.1,7,0,No,No,Yes,High,66.2
STU1961,6.6,90.7,74.8,86.6,7.1,10,0,Yes,Yes,Yes,High,83.0
STU1962,4.6,74.4,71.9,79.0,7.4,6,1,Yes,Yes,Yes,Low,60.1
STU1963,5.5,83.9,82.3,70.6,7.6,9,1,Yes,Yes,Yes,Medium,72.6
STU1964,4.0,68.9,35.0,57.1,5.2,4,0,No,No,No,High,40.9
STU1965,6.8,87.1,35.0,82.5,5.6,7,1,No,Yes,Yes,Low,48.3
STU1966,3.0,62.8,52.7,64.9,5.7,6,1,Yes,Yes,No,Medium,44.1
STU1967,7.4,90.2,77.6,82.8,7.2,10,0,No,No,Yes,High,78.3
STU1968,4.1,97.4,84.9,86.0,6.8,7,1,Yes,Yes,Yes,Medium,70.0
STU1969,1.6,89.6,53.6,70.1,4.4,6,2,Yes,Yes,Yes,Low,37.6
STU1970,4.4,83.4,57.0,68.3,9.4,8,0,No,Yes,Yes,Medium,57.1
STU1971,3.0,68.5,72.0,62.8,4.7,7,1,Yes,Yes,Yes,Medium,50.1
STU1972,5.7,95.4,70.8,76.3,7.1,7,0,Yes,Yes,Yes,Low,71.4
STU1973,3.0,97.1,61.7,74.5,7.8,7,2,Yes,Yes,Yes,Medium,57.3
STU1974,3.4,79.5,67.8,56.4,6.2,9,1,Yes,Yes,No,High,58.5
STU1975,1.0,68.3,87.7,51.6,7.9,4,0,Yes,No,Yes,High,53.5
STU1976,3.4,84.9,91.0,75.6,5.9,8,0,Yes,Yes,Yes,Medium,72.2
STU1977,1.0,88.4,74.1,68.3,7.3,6,1,No,Yes,No,High,53.7
STU1978,1.3,87.3,91.5,67.5,4.5,9,2,No,Yes,No,Low,47.8
STU1979,5.6,93.7,75.1,80.9,8.5,9,0,Yes,Yes,Yes,High,79.1
STU1980,5.6,70.0,88.6,68.1,7.1,9,2,Yes,Yes,No,Medium,65.3
STU1981,5.0,78.8,54.7,59.3,5.2,7,1,Yes,Yes,No,Medium,54.7
STU1982,2.5,96.7,61.8,69.2,7.9,9,1,Yes,Yes,Yes,Medium,62.2
STU1983,4.1,75.0,58.9,66.3,9.1,8,0,Yes,Yes,Yes,High,60.9
STU1984,4.2,76.3,70.6,56.8,6.0,8,0,Yes,No,No,High,63.1
STU1985,2.1,70.5,70.0,42.5,6.8,6,0,Yes,Yes,Yes,Medium,52.0
STU1986,6.9,90.6,71.1,90.0,6.5,9,3,Yes,No,Yes,Low,61.4
STU1987,5.8,79.3,98.0,72.5,6.2,5,1,Yes,Yes,Yes,Medium,76.6
STU1988,3.8,58.7,81.3,57.4,6.0,9,1,Yes,Yes,No,High,62.0
STU1989,4.2,95.2,62.5,79.6,6.3,7,0,Yes,Yes,No,High,65.9
STU1990,4.6,78.7,72.1,60.3,6.4,7,1,Yes,Yes,No,Medium,61.2
STU1991,1.0,85.1,82.7,57.3,6.7,5,0,Yes,Yes,No,Low,54.8
STU1992,3.8,84.5,91.4,80.7,6.6,8,1,Yes,Yes,Yes,High,75.4
STU1993,3.0,76.3,91.0,58.2,8.0,8,0,Yes,No,Yes,Medium,63.5
STU1994,2.4,94.8,53.4,67.5,7.9,7,0,Yes,Yes,No,High,61.9
STU1995,3.7,94.1,66.0,67.8,5.3,4,0,Yes,Yes,No,Medium,59.9
STU1996,7.4,79.7,56.5,71.1,6.4,7,0,Yes,Yes,Yes,Medium,74.5
STU1997,5.4,83.4,69.6,81.7,8.6,8,1,Yes,Yes,Yes,High,72.8
STU1998,3.2,82.8,55.7,46.2,7.5,7,1,Yes,No,Yes,Medium,48.6
STU1999,5.2,84.1,66.3,69.0,7.5,8,0,No,Yes,Yes,High,66.2
STU2000,6.7,82.3,75.7,78.1,7.4,7,1,Yes,Yes,Yes,High,75.3
STU2001,5.9,80.4,89.7,86.5,6.8,5,2,Yes,Yes,Yes,Medium,71.7
STU2002,4.3,86.6,51.1,62.1,7.1,9,0,No,Yes,No,High,54.3
STU2003,3.0,91.5,59.4,59.3,6.6,5,1,Yes,Yes,Yes,Medium,54.8
STU2004,5.5,85.5,75.1,67.4,8.1,8,0,Yes,Yes,No,High,75.7
STU2005,4.9,96.1,77.6,83.4,6.6,7,0,Yes,Yes,Yes,Medium,75.4
STU2006,5.8,78.8,68.6,72.8,7.0,9,1,Yes,Yes,Yes,High,74.0
STU2007,5.3,92.7,96.3,65.7,8.0,9,0,Yes,Yes,Yes,Medium,78.9
STU2008,6.1,83.6,54.1,75.9,6.7,7,0,Yes,Yes,No,Medium,67.9
STU2009,3.2,82.7,58.7,78.4,7.0,8,1,Yes,Yes,Yes,Low,58.0
STU2010,6.6,90.6,54.0,82.2,6.7,6,0,No,Yes,No,Low,63.3
STU2011,4.6,90.9,39.3,75.6,7.0,8,2,Yes,No,No,High,50.4
STU2012,7.9,94.6,68.0,87.8,6.7,8,1,Yes,Yes,Yes,High,80.1
STU2013,3.0,89.0,68.6,71.8,6.5,9,0,Yes,No,Yes,Medium,60.8
STU2014,7.3,91.3,53.1,72.4,6.3,9,0,Yes,No,No,Medium,63.2
STU2015,4.6,90.5,61.2,72.2,6.9,9,1,Yes,Yes,Yes,High,68.6
STU2016,3.0,97.0,73.9,71.1,8.3,7,2,Yes,Yes,Yes,High,62.6
STU2017,3.3,89.6,65.7,65.8,7.8,9,0,Yes,Yes,Yes,Medium,67.9
STU2018,3.6,87.3,73.3,74.9,5.2,6,0,Yes,Yes,Yes,Low,61.0
STU2019,5.0,78.5,71.3,64.2,6.6,6,0,Yes,Yes,No,Low,60.6
STU2020,5.1,80.1,65.0,67.5,6.3,7,0,Yes,Yes,Yes,High,68.4
STU2021,3.2,73.2,67.9,51.1,5.2,5,1,No,Yes,Yes,High,49.4
STU2022,4.2,84.3,73.0,72.8,7.4,9,0,Yes,Yes,Yes,High,72.2
STU2023,8.1,64.8,71.4,79.2,7.0,7,0,Yes,No,No,Medium,68.3
STU2024,7.3,92.9,95.4,80.5,9.5,7,4,Yes,Yes,No,Medium,70.4
STU2025,5.0,79.2,77.4,76.1,6.7,6,0,No,No,No,Medium,62.6
STU2026,4.3,80.1,86.3,66.8,6.2,8,0,No,Yes,No,Medium,64.6
STU2027,4.4,62.5,69.3,39.2,6.1,3,0,Yes,Yes,Yes,High,53.6
STU2028,5.3,90.9,47.6,75.9,6.6,7,1,Yes,Yes,Yes,High,68.1
STU2029,2.4,88.7,60.2,65.1,7.8,9,0,Yes,No,Yes,Low,53.8
STU2030,3.7,84.7,59.4,69.3,7.9,7,1,Yes,Yes,No,High,64.0
STU2031,1.2,83.8,76.6,62.5,10.5,8,1,Yes,Yes,No,High,55.1
STU2032,4.9,90.4,95.6,69.4,5.7,9,1,Yes,No,No,Medium,74.9
STU2033,5.4,55.0,62.7,70.5,7.2,6,0,Yes,Yes,No,Medium,60.1
STU2034,3.3,82.0,73.3,65.4,6.3,5,2,Yes,Yes,Yes,Low,49.8
STU2035,7.0,92.6,80.2,80.7,7.5,7,0,Yes,No,Yes,High,78.2
STU2036,2.0,67.4,70.4,60.7,8.8,4,0,Yes,No,Yes,Medium,51.1
STU2037,1.6,68.8,90.9,54.3,8.1,7,0,Yes,Yes,Yes,Medium,61.9
STU2038,4.6,88.5,51.3,93.6,5.7,9,1,Yes,Yes,Yes,Low,59.3
STU2039,6.1,73.7,81.7,68.5,7.9,6,2,Yes,No,Yes,Medium,57.8
STU2040,7.2,88.1,86.7,83.5,4.6,8,0,No,No,Yes,Medium,69.1
STU2041,3.4,71.5,83.6,55.0,4.2,7,0,Yes,Yes,No,High,59.1
STU2042,6.1,84.5,71.6,82.5,6.8,8,0,Yes,No,Yes,Medium,69.2
STU2043,4.1,77.8,86.8,68.7,7.8,6,0,Yes,Yes,Yes,Medium,74.3
STU2044,3.9,85.9,59.3,66.9,7.5,10,0,Yes,Yes,Yes,High,67.9
STU2045,5.8,72.5,68.8,61.7,9.4,8,1,No,Yes,Yes,High,57.9
STU2046,5.4,89.3,62.6,65.4,7.2,8,1,Yes,Yes,No,Medium,62.1
STU2047,1.4,71.1,41.3,58.1,7.0,5,2,Yes,Yes,Yes,High,43.6
STU2048,6.9,82.9,65.7,66.1,8.5,7,2,Yes,Yes,No,Low,59.4
STU2049,6.7,76.1,71.5,83.6,6.7,8,1,No,Yes,Yes,Medium,69.2
STU2050,3.1,94.2,65.1,61.3,7.6,7,0,Yes,Yes,Yes,High,66.8
STU2051,4.9,87.5,74.5,72.0,7.6,8,0,Yes,Yes,Yes,Medium,71.2
STU2052,5.1,79.0,92.5,62.7,5.9,5,2,Yes,No,Yes,High,69.2
STU2053,4.7,97.3,60.4,78.0,7.6,7,0,Yes,No,Yes,Medium,68.0
STU2054,3.2,75.1,98.0,62.4,9.7,7,2,Yes,Yes,No,Medium,59.3
STU2055,3.0,84.6,82.4,69.9,8.5,9,0,Yes,No,Yes,Low,62.4
STU2056,4.2,74.8,70.1,52.8,6.1,6,0,Yes,Yes,Yes,Medium,62.0
STU2057,6.3,72.7,61.9,64.1,9.9,5,2,Yes,Yes,Yes,Medium,49.9
STU2058,5.2,66.9,64.5,71.8,7.9,8,0,Yes,No,Yes,Medium,60.8
STU2059,3.5,98.1,66.4,79.8,7.6,8,3,Yes,Yes,No,High,59.8
STU2060,5.6,84.1,44.6,53.9,7.0,5,0,No,Yes,No,Medium,56.0
STU2061,1.0,74.7,89.8,58.4,7.9,4,1,Yes,Yes,Yes,Medium,57.2
STU2062,6.3,83.4,35.0,67.3,7.2,7,1,Yes,Yes,Yes,High,59.7
STU2063,1.1,82.9,67.5,55.0,7.1,6,1,Yes,Yes,Yes,Low,54.6
STU2064,3.5,95.0,45.4,71.2,6.9,10,1,Yes,No,No,Medium,56.1
STU2065,2.2,66.5,60.1,67.3,8.3,4,0,Yes,Yes,Yes,High,49.2
STU2066,1.9,77.7,61.9,51.2,8.1,7,1,Yes,No,No,Low,46.8
STU2067,6.3,80.1,92.2,62.7,6.9,5,2,Yes,No,Yes,High,69.3
STU2068,3.4,91.2,59.1,74.4,5.3,8,2,Yes,Yes,No,Low,48.0
STU2069,4.8,62.6,82.5,60.5,7.1,9,1,Yes,Yes,Yes,High,65.2
STU2070,4.1,87.9,82.2,80.9,6.2,8,0,Yes,Yes,Yes,Medium,70.1
STU2071,5.1,96.8,40.2,75.9,6.5,7,1,Yes,Yes,No,Medium,57.9
STU2072,4.3,65.9,64.4,70.5,7.0,8,0,No,Yes,No,Medium,54.3
STU2073,1.9,95.3,87.2,68.5,5.8,8,0,Yes,No,No,High,63.3
STU2074,6.0,98.0,57.8,86.2,5.2,9,0,Yes,Yes,No,High,69.9
STU2075,3.3,81.2,98.0,78.5,7.5,6,1,Yes,Yes,No,High,72.8
STU2076,1.4,95.8,64.3,65.8,7.1,8,2,Yes,Yes,Yes,Low,52.6
STU2077,3.4,92.6,68.2,79.9,7.1,7,0,Yes,Yes,No,High,70.2
STU2078,6.9,88.0,72.7,74.8,7.7,9,0,Yes,Yes,No,Medium,76.3
STU2079,5.7,91.4,86.2,79.6,6.3,8,1,No,No,Yes,Medium,65.6
STU2080,3.6,66.8,53.0,47.6,7.5,8,0,Yes,No,No,Low,47.1
STU2081,3.6,74.8,61.7,59.2,8.7,6,2,Yes,Yes,Yes,High,52.4
STU2082,3.6,90.6,70.5,62.6,6.8,7,0,Yes,Yes,Yes,Low,63.9
STU2083,7.9,69.8,78.6,83.4,9.4,9,2,Yes,Yes,No,High,66.1
STU2084,4.9,75.6,71.4,81.4,7.2,7,0,Yes,Yes,Yes,Medium,69.3
STU2085,5.0,77.0,55.7,65.7,6.1,7,3,Yes,Yes,Yes,Medium,52.5
STU2086,6.1,91.1,80.0,72.7,8.1,8,1,Yes,Yes,Yes,High,79.2
STU2087,4.6,93.2,73.3,64.9,7.0,8,0,Yes,Yes,Yes,High,76.1
STU2088,3.7,89.2,53.2,72.8,8.4,9,1,Yes,Yes,Yes,Medium,59.7
STU2089,3.8,58.6,63.0,50.9,7.6,9,1,Yes,Yes,No,Medium,57.5
STU2090,4.1,83.8,58.7,64.8,6.7,5,1,Yes,Yes,No,Low,48.3
STU2091,4.1,83.0,56.8,81.8,8.9,5,1,Yes,Yes,No,High,56.6
STU2092,5.5,98.2,56.8,78.2,6.5,8,1,Yes,Yes,Yes,Low,62.2
STU2093,4.3,87.0,77.6,76.1,4.5,8,0,Yes,Yes,No,Medium,59.5
STU2094,5.5,88.0,61.5,75.9,8.2,8,0,Yes,Yes,No,Low,64.2
STU2095,4.1,82.9,70.9,57.9,7.5,7,1,Yes,No,Yes,Medium,59.8
STU2096,4.3,93.5,63.0,59.9,8.6,6,0,Yes,Yes,No,Medium,61.2
STU2097,1.0,88.5,53.4,66.2,6.0,6,0,Yes,Yes,No,High,54.4
STU2098,5.8,83.2,65.0,87.6,6.8,9,0,Yes,No,Yes,Medium,66.0
STU2099,4.8,89.6,86.8,76.7,6.7,8,1,Yes,Yes,Yes,High,75.8
STU2100,6.0,85.6,80.5,80.8,8.2,9,0,Yes,Yes,No,High,78.9
STU2101,1.0,96.8,76.8,59.2,7.9,5,2,Yes,Yes,Yes,Medium,58.1
STU2102,8.0,89.6,84.2,91.9,7.4,10,2,Yes,Yes,No,Medium,75.1
STU2103,3.9,80.2,74.2,74.8,7.4,6,0,No,Yes,Yes,High,64.6
STU2104,6.2,89.7,37.9,72.9,5.7,9,1,Yes,Yes,Yes,Medium,62.4
STU2105,2.3,77.4,77.7,65.0,8.0,6,0,Yes,Yes,No,Medium,60.7
STU2106,5.3,81.1,72.0,57.3,8.0,7,0,No,Yes,Yes,High,63.8
STU2107,2.3,92.5,91.9,73.9,9.8,8,1,No,No,No,Medium,59.7
STU2108,3.1,88.7,69.6,64.1,7.7,8,1,No,Yes,Yes,Medium,60.2
STU2109,7.6,82.3,66.7,69.1,7.9,10,2,Yes,Yes,Yes,High,74.3
STU2110,3.9,71.5,79.5,65.7,7.7,8,1,No,Yes,Yes,Medium,56.1
STU2111,4.6,86.7,72.9,58.0,6.3,9,1,Yes,Yes,Yes,Medium,70.7
STU2112,5.8,81.2,53.9,75.7,8.6,10,3,Yes,Yes,Yes,Medium,57.2
STU2113,5.1,79.4,75.3,60.9,7.0,8,0,Yes,Yes,No,High,71.4
STU2114,4.5,95.7,57.4,65.6,6.9,8,0,No,Yes,No,Medium,61.2
STU2115,4.9,68.6,89.1,64.5,6.9,7,1,Yes,Yes,No,High,70.4
STU2116,8.5,77.2,68.6,77.7,7.0,10,0,Yes,Yes,Yes,High,80.5
STU2117,4.1,95.0,88.4,86.5,6.5,10,0,Yes,Yes,No,High,80.5
STU2118,4.6,76.9,88.3,57.0,7.4,5,2,Yes,Yes,No,Low,60.3
STU2119,6.1,72.9,82.1,80.8,7.0,5,0,No,No,Yes,Medium,63.6
STU2120,6.2,78.1,60.4,63.5,6.9,10,0,Yes,Yes,Yes,High,70.5
STU2121,6.3,93.1,75.6,87.8,7.7,7,2,Yes,Yes,Yes,High,79.2
STU2122,5.3,85.8,50.7,82.6,7.2,5,0,Yes,Yes,Yes,High,65.1
STU2123,2.1,78.1,64.6,62.9,6.4,4,1,Yes,Yes,No,High,55.3
STU2124,7.1,85.0,48.5,72.5,6.2,10,0,Yes,Yes,Yes,Medium,70.0
STU2125,2.1,93.7,59.0,56.0,7.2,9,1,Yes,Yes,No,Medium,59.1
STU2126,4.7,77.8,62.8,52.4,6.2,6,0,Yes,No,Yes,Low,58.3
STU2127,2.8,75.6,80.3,76.0,6.1,5,1,Yes,Yes,Yes,Low,56.8
STU2128,4.1,88.5,80.0,69.2,6.1,8,2,Yes,No,Yes,Medium,60.9
STU2129,4.8,80.7,80.3,60.9,7.4,9,0,Yes,Yes,No,High,78.6
STU2130,4.8,73.9,60.5,57.2,8.5,7,0,Yes,Yes,Yes,High,63.3
STU2131,5.0,79.9,76.7,71.3,7.5,6,0,No,Yes,No,Medium,63.8
STU2132,7.1,72.9,74.0,69.6,8.2,9,0,Yes,Yes,Yes,Medium,71.4
STU2133,5.0,88.2,80.3,58.7,7.0,8,1,Yes,Yes,No,Medium,66.6
STU2134,3.8,86.3,60.9,76.5,7.3,7,0,Yes,Yes,No,Low,60.3
STU2135,5.9,96.3,83.6,83.5,9.1,9,1,Yes,Yes,No,Low,74.5
STU2136,6.3,91.6,83.0,94.4,8.1,5,1,No,No,Yes,High,71.5
STU2137,2.0,75.3,63.6,67.8,8.2,7,1,Yes,Yes,Yes,High,54.5
STU2138,5.3,70.9,67.5,41.6,6.8,8,0,Yes,Yes,Yes,Medium,64.7
STU2139,5.5,72.1,45.5,78.9,7.1,5,0,Yes,Yes,No,Medium,53.2
STU2140,3.7,80.0,59.3,75.8,7.6,4,0,Yes,Yes,Yes,High,59.7
STU2141,6.7,91.8,35.0,75.1,6.4,8,1,Yes,Yes,Yes,Medium,61.1
STU2142,3.9,97.5,62.3,72.0,4.3,8,2,Yes,No,Yes,Medium,50.2
STU2143,4.4,83.7,77.9,73.3,7.6,8,0,Yes,Yes,Yes,Medium,71.8
STU2144,3.9,73.0,62.6,55.1,8.3,9,0,No,Yes,No,High,58.0
STU2145,4.2,89.0,98.0,70.2,7.2,8,0,Yes,Yes,No,Low,76.3
STU2146,2.2,91.6,64.8,75.4,6.4,5,0,No,Yes,Yes,Medium,57.7
STU2147,1.6,95.3,61.5,71.6,6.7,7,1,Yes,Yes,No,High,61.8
STU2148,7.1,81.7,70.4,71.8,4.7,6,0,Yes,Yes,No,Medium,68.2
STU2149,2.7,58.7,39.7,60.6,6.7,5,0,Yes,Yes,Yes,Medium,43.7
STU2150,2.4,57.0,50.8,53.1,5.8,8,0,Yes,Yes,No,Low,43.2
STU2151,1.0,73.2,76.6,56.7,6.3,7,2,Yes,Yes,No,High,57.9
STU2152,3.0,81.8,66.2,60.8,5.7,6,0,Yes,Yes,Yes,Low,54.2
STU2153,1.8,94.1,75.1,67.4,5.6,8,2,Yes,Yes,No,High,57.3
STU2154,7.2,77.5,56.5,69.2,5.9,7,0,Yes,Yes,Yes,Medium,67.6
STU2155,6.0,93.6,62.9,64.3,7.9,4,2,Yes,No,Yes,Medium,58.1
STU2156,3.0,88.9,57.8,66.2,6.5,5,0,Yes,Yes,No,High,58.7
STU2157,8.3,77.9,71.5,77.9,5.8,9,0,No,No,No,Medium,65.8
STU2158,6.0,89.6,49.7,78.9,8.0,9,1,Yes,Yes,No,Low,64.5
STU2159,3.6,86.4,71.1,78.7,7.3,10,1,Yes,Yes,Yes,Medium,66.3
STU2160,1.0,92.9,91.0,59.2,4.3,7,0,Yes,Yes,No,Medium,56.3
STU2161,8.3,85.1,63.4,79.5,8.3,10,3,Yes,Yes,Yes,High,67.5
STU2162,1.7,88.5,60.8,70.5,7.2,8,0,Yes,Yes,Yes,High,68.7
STU2163,1.2,65.8,65.7,45.5,8.0,7,1,Yes,Yes,Yes,High,52.4
STU2164,6.0,92.5,76.0,80.5,6.8,10,2,Yes,Yes,Yes,Low,70.3
STU2165,8.6,85.4,75.7,80.2,9.0,10,1,Yes,No,Yes,Medium,72.3
STU2166,6.7,90.1,72.5,78.2,6.6,10,0,Yes,Yes,No,Low,74.1
STU2167,5.2,75.3,74.0,74.3,4.0,6,0,Yes,Yes,No,High,65.8
STU2168,5.3,93.3,67.9,74.6,6.0,5,1,Yes,Yes,No,Medium,64.0
STU2169,5.7,67.0,74.9,71.9,7.7,8,0,Yes,Yes,No,High,70.9
STU2170,5.6,80.0,70.5,56.2,7.3,8,2,Yes,No,Yes,Medium,57.0
STU2171,4.7,93.8,51.7,64.6,7.0,7,0,Yes,Yes,No,High,71.3
STU2172,4.4,92.0,98.0,55.7,5.9,6,1,No,No,No,High,64.2
STU2173,4.1,72.7,71.9,54.3,7.1,7,0,Yes,No,Yes,Medium,58.3
STU2174,2.8,79.7,60.6,78.1,7.1,8,0,Yes,Yes,No,High,62.7
STU2175,3.7,87.5,80.0,69.7,7.1,8,0,Yes,Yes,Yes,Medium,69.4
STU2176,1.2,96.4,63.5,61.0,7.7,6,0,Yes,Yes,Yes,Medium,59.1
STU2177,4.0,93.3,70.3,79.9,7.3,7,1,Yes,Yes,Yes,Medium,61.1
STU2178,2.4,89.2,46.8,74.2,6.8,8,1,Yes,Yes,No,Low,49.7
STU2179,2.2,83.6,70.2,53.6,5.9,7,0,Yes,Yes,No,High,60.3
STU2180,4.5,69.0,46.5,83.0,8.7,8,1,No,Yes,Yes,Medium,52.0
STU2181,6.7,66.4,73.4,70.5,9.5,7,3,Yes,Yes,Yes,Medium,55.3
STU2182,5.9,75.8,79.0,73.8,9.2,9,1,Yes,Yes,No,Medium,67.1
STU2183,1.4,78.9,64.9,62.6,7.9,6,0,Yes,Yes,No,High,58.7
STU2184,2.4,77.2,64.3,64.8,5.1,5,1,Yes,Yes,Yes,Medium,47.4
STU2185,5.9,71.8,52.7,63.6,4.9,9,0,Yes,No,Yes,High,56.7
STU2186,2.4,62.7,83.3,70.5,6.4,4,1,Yes,Yes,No,High,54.7
STU2187,3.8,72.5,67.6,60.4,7.0,7,0,Yes,Yes,Yes,High,67.0
STU2188,5.2,99.4,77.7,88.0,7.0,9,0,Yes,Yes,Yes,High,84.4
STU2189,2.5,89.4,52.9,63.4,7.3,7,1,Yes,Yes,Yes,High,56.1
STU2190,4.4,64.9,60.8,55.4,5.4,8,0,Yes,No,No,High,55.0
STU2191,1.8,95.2,53.1,83.2,9.0,8,1,Yes,Yes,No,Medium,55.6
STU2192,3.1,73.0,60.7,59.9,8.9,7,0,Yes,No,Yes,High,53.7
STU2193,4.8,68.4,69.4,63.3,5.5,7,0,Yes,Yes,Yes,High,59.2
STU2194,1.3,56.5,70.6,49.4,4.9,8,0,Yes,No,Yes,Medium,46.4
STU2195,5.0,94.5,66.7,98.1,7.0,10,0,Yes,Yes,Yes,High,78.2
STU2196,4.2,91.5,35.0,90.7,8.6,9,0,Yes,No,Yes,High,61.4
STU2197,5.2,84.4,68.2,83.1,7.1,9,0,Yes,No,Yes,High,72.4
STU2198,4.6,93.9,79.9,98.6,7.4,7,1,Yes,Yes,Yes,High,76.7
STU2199,6.7,73.0,98.0,64.0,6.6,8,1,Yes,No,Yes,High,77.1
STU2200,4.4,80.5,63.0,73.7,7.3,8,0,Yes,Yes,No,Medium,65.3
STU2201,3.4,86.7,61.5,69.2,8.2,9,1,Yes,Yes,No,Medium,51.5
STU2202,4.4,87.2,74.3,57.6,7.6,9,1,Yes,Yes,Yes,Medium,65.0
STU2203,5.2,78.2,58.0,73.4,7.8,8,1,Yes,No,Yes,Low,53.6
STU2204,4.3,95.2,86.8,71.6,5.1,10,0,Yes,Yes,Yes,Medium,71.0
STU2205,4.3,75.7,58.6,78.0,9.7,7,2,Yes,Yes,No,Medium,50.9
STU2206,2.9,96.5,71.5,68.8,5.1,9,1,Yes,Yes,Yes,High,64.8
STU2207,3.0,92.9,78.1,66.8,7.3,9,0,No,No,Yes,Medium,62.8
STU2208,1.7,91.5,75.3,78.1,6.9,8,1,Yes,Yes,No,High,67.4
STU2209,7.3,62.1,89.1,67.4,7.0,8,1,Yes,Yes,No,Medium,71.2
STU2210,2.0,74.5,63.1,67.6,8.1,7,0,Yes,Yes,Yes,Medium,59.6
STU2211,3.0,73.5,78.9,64.1,6.3,6,1,No,Yes,Yes,Medium,56.3
STU2212,2.9,78.4,51.8,66.4,6.6,7,0,Yes,Yes,No,Low,54.4
STU2213,5.8,85.9,51.0,73.4,5.7,9,0,Yes,Yes,No,Low,60.2
STU2214,3.7,71.8,89.1,66.0,8.4,7,0,Yes,Yes,Yes,High,70.7
STU2215,6.4,70.2,70.3,68.2,7.4,5,0,Yes,No,No,High,59.7
STU2216,3.0,78.6,74.0,56.9,7.9,4,0,Yes,Yes,Yes,Medium,63.5
STU2217,4.7,74.6,75.3,65.6,8.1,6,1,Yes,Yes,No,Medium,61.3
STU2218,2.7,85.4,77.3,76.1,9.5,7,0,Yes,Yes,Yes,Medium,71.1
STU2219,8.1,54.7,45.8,70.9,9.3,6,0,Yes,Yes,No,Medium,55.0
STU2220,2.1,88.5,76.3,71.7,7.5,8,0,Yes,Yes,No,Medium,65.7
STU2221,4.8,87.8,94.7,73.3,7.3,10,0,Yes,Yes,Yes,Low,79.3
STU2222,5.3,80.3,65.1,55.5,6.5,10,2,Yes,No,No,Medium,54.5
STU2223,4.9,88.3,77.6,64.1,8.0,8,1,Yes,Yes,Yes,Medium,71.4
STU2224,3.9,90.4,72.2,69.6,7.9,9,0,Yes,Yes,Yes,Medium,69.7
STU2225,4.0,88.9,55.5,62.4,6.2,7,2,No,Yes,Yes,Medium,49.7
STU2226,4.3,92.9,84.2,70.2,8.0,8,0,Yes,Yes,No,Medium,75.1
STU2227,3.9,83.5,59.0,64.0,8.3,6,1,Yes,Yes,Yes,Medium,55.7
STU2228,5.9,81.9,68.3,69.4,5.8,10,2,No,No,No,Low,52.6
STU2229,8.2,73.8,98.0,88.0,7.3,10,3,No,Yes,No,Medium,73.4
STU2230,3.2,53.4,81.6,50.9,7.0,5,0,Yes,Yes,Yes,High,60.0
STU2231,1.7,94.0,63.3,74.6,7.1,4,1,Yes,Yes,Yes,Medium,56.8
STU2232,4.0,76.7,64.8,66.7,6.0,6,0,Yes,Yes,No,Medium,64.4
STU2233,8.8,92.2,69.9,98.8,4.9,8,0,Yes,Yes,No,High,80.7
STU2234,2.8,79.5,95.4,71.3,6.2,5,1,No,Yes,Yes,Medium,60.8
STU2235,7.2,93.2,77.9,78.5,6.0,7,0,Yes,Yes,Yes,Medium,80.3
STU2236,7.2,77.1,98.0,90.8,7.5,8,0,Yes,Yes,Yes,Medium,84.4
STU2237,3.2,88.3,54.0,65.1,7.5,8,1,Yes,Yes,Yes,Medium,54.4
STU2238,5.2,82.6,64.9,73.5,7.5,5,0,Yes,Yes,Yes,Medium,71.4
STU2239,7.1,79.0,53.5,78.8,5.4,7,1,Yes,No,Yes,Low,53.0
STU2240,3.5,76.8,56.7,67.8,5.8,7,1,Yes,No,Yes,High,58.6
STU2241,3.8,72.4,61.3,69.0,6.4,5,1,Yes,Yes,Yes,High,57.1
STU2242,3.2,83.0,70.4,60.0,7.1,7,2,No,No,No,Medium,52.7
STU2243,2.4,88.7,92.2,72.2,6.7,7,0,Yes,Yes,No,Medium,67.0
STU2244,3.0,97.7,91.7,77.5,7.5,7,0,Yes,No,Yes,High,76.4
STU2245,2.0,75.6,78.4,58.8,8.3,5,1,Yes,Yes,No,High,59.9
STU2246,4.3,69.7,57.9,61.2,5.9,7,1,Yes,Yes,Yes,Medium,56.1
STU2247,2.8,63.3,58.3,48.6,5.9,5,1,Yes,Yes,No,High,50.8
STU2248,4.6,70.5,83.5,67.9,7.3,4,0,Yes,Yes,No,Medium,64.3
STU2249,1.4,82.1,76.3,55.0,7.0,7,0,Yes,Yes,No,Medium,57.2
STU2250,4.8,80.8,58.0,71.7,8.0,6,0,Yes,Yes,Yes,Medium,65.3
STU2251,5.7,86.3,80.5,74.4,7.1,6,1,Yes,Yes,Yes,High,75.7
STU2252,1.0,71.4,79.7,43.0,9.2,6,1,Yes,Yes,Yes,Medium,51.4
STU2253,4.9,86.7,65.2,65.6,5.2,8,1,Yes,Yes,Yes,Medium,63.3
STU2254,6.4,86.2,61.0,80.5,8.1,7,0,Yes,No,Yes,Low,65.2
STU2255,2.0,74.4,59.1,54.0,7.3,7,0,Yes,Yes,Yes,Low,50.0
STU2256,7.2,75.5,72.5,69.9,5.4,9,1,Yes,Yes,No,High,70.9
STU2257,5.0,57.8,98.0,52.8,4.6,7,0,Yes,Yes,Yes,High,65.9
STU2258,2.9,92.3,47.2,64.0,5.7,8,2,Yes,No,Yes,High,47.4
STU2259,4.1,78.5,86.0,79.7,8.6,5,2,Yes,Yes,Yes,High,67.7
STU2260,5.2,86.6,57.8,64.9,8.4,10,2,Yes,No,Yes,Medium,56.7
STU2261,4.3,79.7,64.8,79.5,6.9,8,0,Yes,Yes,No,Medium,63.7
STU2262,5.2,85.5,81.3,70.7,6.7,6,0,No,Yes,Yes,High,72.9
STU2263,2.5,90.3,59.7,62.4,6.1,7,0,Yes,Yes,Yes,Medium,62.5
STU2264,4.5,82.6,69.0,72.9,6.9,8,1,Yes,Yes,Yes,Low,63.8
STU2265,1.7,85.8,65.0,63.4,6.5,7,0,No,Yes,No,Medium,55.3
STU2266,4.0,92.3,54.0,71.6,9.2,10,1,No,Yes,Yes,High,58.1
STU2267,2.6,85.0,84.9,67.1,5.6,4,1,Yes,Yes,No,Medium,59.0
STU2268,2.9,74.8,67.9,61.4,7.6,4,0,Yes,Yes,Yes,Medium,58.9
STU2269,6.4,70.3,51.7,67.6,9.2,4,1,No,Yes,No,Low,46.1
STU2270,6.2,80.2,66.6,81.2,8.0,8,0,Yes,Yes,Yes,High,75.1
STU2271,5.3,71.5,35.0,55.1,5.8,8,0,Yes,Yes,Yes,Medium,54.9
STU2272,2.2,87.7,73.9,58.1,5.2,8,0,Yes,Yes,Yes,Medium,59.8
STU2273,3.6,57.2,88.4,48.1,7.4,6,3,Yes,Yes,Yes,Medium,45.2
STU2274,6.4,74.5,69.2,63.0,7.3,8,2,No,Yes,Yes,Medium,64.2
STU2275,4.5,85.6,63.1,72.0,8.6,7,1,Yes,Yes,Yes,High,66.2
STU2276,8.4,84.1,72.4,86.3,7.8,10,0,Yes,Yes,Yes,Medium,84.7
STU2277,4.9,87.0,62.7,57.5,6.5,9,2,Yes,No,Yes,High,63.6
STU2278,4.5,64.9,87.7,57.2,6.4,5,1,Yes,Yes,No,High,65.6
STU2279,3.6,86.7,69.0,66.6,5.5,7,1,Yes,Yes,No,Medium,57.6
STU2280,4.4,71.2,97.8,61.5,7.3,7,0,Yes,Yes,Yes,High,75.9
STU2281,3.9,87.7,51.4,60.3,5.4,10,0,Yes,Yes,Yes,High,58.7
STU2282,5.5,76.8,60.6,67.4,8.2,6,1,Yes,Yes,Yes,Medium,67.2
STU2283,5.9,75.7,68.8,63.3,7.8,9,0,Yes,Yes,Yes,Medium,69.1
STU2284,2.8,82.2,71.8,61.8,7.8,5,1,Yes,Yes,No,High,59.6
STU2285,1.8,89.4,80.7,51.3,5.5,9,1,Yes,Yes,No,Medium,58.8
STU2286,1.0,76.9,98.0,53.8,6.9,7,0,Yes,Yes,Yes,High,69.0
STU2287,5.1,66.2,82.4,57.6,6.6,7,0,Yes,Yes,Yes,High,68.1
STU2288,2.2,83.1,61.9,61.1,7.2,8,5,Yes,Yes,No,Medium,45.7
STU2289,1.0,79.8,55.3,60.3,7.7,6,2,Yes,Yes,Yes,High,52.2
STU2290,4.9,81.8,37.5,70.2,6.5,6,0,Yes,Yes,Yes,Low,55.6
STU2291,8.7,99.0,90.2,96.9,6.5,10,1,Yes,Yes,No,High,88.7
STU2292,4.2,86.1,58.2,67.8,7.9,7,1,Yes,Yes,Yes,Medium,62.4
STU2293,5.7,87.4,94.1,80.8,5.7,9,0,Yes,Yes,Yes,Medium,79.8
STU2294,4.3,57.1,86.1,65.4,6.2,8,0,Yes,Yes,No,Low,64.1
STU2295,4.0,93.5,73.4,75.9,7.1,9,0,Yes,Yes,Yes,Medium,71.8
STU2296,5.9,76.1,77.3,70.6,8.2,8,0,Yes,Yes,No,Low,71.3
STU2297,3.7,88.9,82.8,73.9,5.9,9,0,Yes,Yes,Yes,Low,67.2
STU2298,4.7,75.1,62.1,69.1,9.2,9,1,Yes,Yes,No,High,63.3
STU2299,4.8,64.2,46.3,69.5,5.5,7,0,Yes,Yes,No,Medium,54.6
STU2300,3.0,79.2,62.1,70.0,9.0,7,0,No,Yes,Yes,High,63.2
STU2301,6.0,74.3,64.0,76.6,8.5,5,1,Yes,Yes,No,Medium,63.7
STU2302,3.9,77.4,59.9,65.8,5.4,8,1,Yes,Yes,No,Medium,56.0
STU2303,2.8,84.3,61.9,68.3,5.1,9,0,Yes,Yes,Yes,High,62.8
STU2304,5.2,93.4,57.6,79.9,8.0,7,2,Yes,Yes,No,Medium,61.2
STU2305,2.6,74.5,83.7,50.4,6.6,6,0,Yes,Yes,No,High,64.8
STU2306,4.3,92.5,86.8,82.7,5.9,9,0,No,Yes,Yes,Medium,69.2
STU2307,4.2,97.1,64.7,62.8,9.3,10,0,Yes,No,Yes,High,66.3
STU2308,6.2,68.6,81.3,73.6,5.7,6,1,Yes,Yes,Yes,Medium,66.2
STU2309,5.1,73.7,46.2,69.3,6.2,8,0,Yes,Yes,Yes,High,56.6
STU2310,4.2,86.4,60.9,68.5,6.4,7,0,Yes,Yes,Yes,High,66.2
STU2311,5.7,83.8,74.2,77.1,4.0,7,3,Yes,Yes,Yes,Medium,56.4
STU2312,6.7,90.5,59.0,83.7,7.2,7,1,Yes,Yes,Yes,High,72.6
STU2313,5.2,76.3,66.5,58.3,6.0,6,0,No,Yes,Yes,Medium,61.6
STU2314,4.2,89.4,49.6,83.6,8.1,8,0,Yes,No,Yes,Low,53.1
STU2315,1.8,90.6,50.2,66.3,8.2,7,1,Yes,Yes,Yes,High,54.6
STU2316,2.3,76.4,77.8,78.6,7.4,8,1,Yes,Yes,Yes,Medium,65.3
STU2317,3.7,93.3,88.2,79.1,7.4,6,0,Yes,Yes,No,High,75.3
STU2318,3.1,76.2,62.2,62.8,7.3,8,0,Yes,Yes,Yes,High,64.2
STU2319,3.9,95.0,46.5,68.7,6.3,9,0,Yes,Yes,Yes,High,62.8
STU2320,4.3,89.3,37.5,71.7,6.4,5,0,Yes,Yes,Yes,Low,52.1
STU2321,5.2,96.4,95.8,80.0,8.7,10,0,No,No,Yes,High,74.0
STU2322,4.1,90.0,70.5,84.0,8.0,8,0,Yes,Yes,Yes,Low,68.6
STU2323,5.1,71.2,65.1,75.7,7.3,8,0,Yes,Yes,No,Low,64.7
STU2324,4.3,98.4,63.0,80.7,7.8,10,1,Yes,Yes,Yes,High,68.3
STU2325,1.0,89.1,40.3,76.7,7.0,8,1,Yes,Yes,No,Medium,47.3
STU2326,2.5,94.0,83.2,53.4,7.3,7,0,No,Yes,Yes,Medium,65.1
STU2327,3.9,68.3,95.9,64.6,7.8,8,1,No,Yes,Yes,High,70.3
STU2328,2.0,69.2,56.3,65.6,4.6,3,0,No,Yes,No,High,43.2
STU2329,5.3,88.4,90.9,79.5,8.2,9,4,Yes,Yes,No,Medium,64.2
STU2330,7.0,60.9,63.2,55.8,8.1,10,0,No,Yes,No,Medium,59.4
STU2331,6.4,88.6,89.1,89.6,6.2,7,2,Yes,Yes,No,Medium,71.4
STU2332,3.8,75.9,71.6,70.4,8.6,8,1,Yes,No,Yes,High,59.1
STU2333,6.9,90.2,70.7,83.5,4.4,10,0,Yes,Yes,No,High,72.8
STU2334,4.5,84.9,98.0,71.7,7.5,9,4,Yes,No,Yes,Low,58.4
STU2335,3.6,87.2,77.1,85.3,7.1,9,1,Yes,Yes,No,High,68.2
STU2336,3.1,69.2,71.7,62.5,6.7,4,1,Yes,Yes,Yes,Medium,56.0
STU2337,3.7,96.6,43.6,72.5,7.1,7,0,Yes,Yes,Yes,High,63.5
STU2338,3.5,97.3,43.4,67.7,7.8,10,1,Yes,Yes,No,Medium,53.8
STU2339,4.5,79.6,84.2,74.4,4.9,9,1,Yes,Yes,Yes,Low,64.6
STU2340,4.5,89.3,94.6,81.0,8.3,9,0,Yes,Yes,Yes,High,83.0
STU2341,4.2,68.8,66.0,62.5,6.6,6,1,Yes,Yes,Yes,High,61.5
STU2342,5.0,84.8,66.8,67.9,8.3,8,1,Yes,Yes,No,Medium,67.0
STU2343,6.3,82.3,50.4,85.7,7.9,10,1,No,Yes,No,High,63.3
STU2344,5.9,66.8,53.3,59.0,6.6,7,0,No,Yes,No,High,57.9
STU2345,1.5,80.2,66.0,75.4,7.0,8,2,No,No,No,Medium,43.6
STU2346,1.0,83.7,55.0,54.0,7.1,7,1,Yes,Yes,Yes,High,56.7
STU2347,5.9,74.3,49.4,59.6,9.0,6,1,Yes,No,Yes,High,51.7
STU2348,1.7,80.7,65.4,51.2,5.7,6,0,Yes,Yes,Yes,Medium,55.7
STU2349,3.8,94.5,88.3,64.8,6.6,10,0,Yes,No,Yes,Medium,70.8
STU2350,2.1,92.1,82.1,65.5,5.2,8,0,No,Yes,Yes,High,61.3
STU2351,1.0,77.2,74.4,52.9,7.2,5,1,Yes,Yes,Yes,Medium,56.5
STU2352,5.2,80.9,71.9,79.2,6.4,7,0,Yes,Yes,Yes,Medium,70.1
STU2353,5.6,87.2,75.3,82.5,6.5,7,0,Yes,Yes,No,Medium,69.8
STU2354,3.2,91.3,61.9,68.5,8.9,9,0,No,Yes,Yes,High,56.1
STU2355,1.0,88.4,67.2,87.0,6.1,6,2,Yes,Yes,No,High,53.9
STU2356,3.2,88.8,83.2,67.1,6.9,7,3,Yes,Yes,No,Medium,61.7
STU2357,4.9,75.8,63.8,66.8,6.5,9,0,Yes,Yes,No,Medium,68.6
STU2358,1.5,92.7,47.9,55.6,6.6,5,0,Yes,Yes,No,Medium,50.0
STU2359,4.5,99.0,98.0,77.4,10.4,8,0,Yes,Yes,Yes,High,79.1
STU2360,4.2,87.7,45.1,73.8,5.0,8,2,No,Yes,No,Medium,43.3
STU2361,5.2,82.3,93.2,62.3,7.9,7,1,Yes,Yes,No,Medium,69.7
STU2362,4.4,65.3,79.3,56.9,10.0,6,0,Yes,Yes,Yes,High,60.2
STU2363,2.4,84.2,50.4,66.9,8.4,6,2,No,No,No,High,44.9
STU2364,6.4,62.6,77.8,61.3,7.2,7,1,Yes,Yes,Yes,Medium,65.9
STU2365,3.9,83.8,62.0,62.7,5.7,6,0,Yes,Yes,Yes,Medium,60.4
STU2366,4.2,66.1,85.4,66.9,8.7,7,0,Yes,Yes,Yes,High,66.6
STU2367,2.5,93.1,88.3,58.8,8.2,7,1,Yes,Yes,No,Medium,65.4
STU2368,3.4,67.6,76.9,50.3,5.3,6,0,Yes,Yes,No,Medium,51.2
STU2369,2.6,84.0,74.5,66.2,6.7,7,2,Yes,Yes,No,Medium,58.5
STU2370,3.9,87.2,55.9,77.1,5.7,7,0,Yes,Yes,No,Medium,60.0
STU2371,7.3,64.0,94.5,71.3,4.0,9,0,No,Yes,Yes,Medium,61.8
STU2372,1.7,80.0,88.4,58.3,5.6,6,0,Yes,Yes,Yes,High,69.0
STU2373,1.3,98.3,60.4,65.6,7.2,9,1,Yes,Yes,No,High,56.4
STU2374,6.8,67.7,82.0,77.3,7.8,6,2,Yes,Yes,Yes,Medium,67.1
STU2375,3.8,74.9,82.3,70.7,6.7,6,0,No,No,Yes,High,63.3
STU2376,3.0,83.5,71.3,66.1,8.7,5,3,Yes,Yes,Yes,Medium,49.8
STU2377,6.1,79.6,64.1,70.9,8.3,7,0,Yes,No,Yes,Medium,65.8
STU2378,3.1,96.1,86.8,72.6,6.9,7,2,Yes,Yes,No,High,64.0
STU2379,7.5,90.7,68.9,77.0,6.8,9,1,Yes,Yes,Yes,Medium,68.8
STU2380,5.4,86.2,73.8,73.1,7.6,9,0,No,Yes,No,Medium,67.2
STU2381,3.3,62.1,87.0,52.0,7.1,7,1,Yes,Yes,No,High,60.8
STU2382,8.1,82.7,98.0,79.8,5.4,10,1,Yes,Yes,Yes,Medium,83.4
STU2383,3.1,90.1,60.4,65.7,6.7,6,0,Yes,Yes,Yes,Low,58.0
STU2384,5.5,82.9,67.7,77.1,7.9,8,3,Yes,Yes,Yes,Medium,62.9
STU2385,4.7,74.3,66.8,72.8,8.7,6,1,Yes,Yes,No,Medium,56.5
STU2386,6.5,82.7,69.1,72.8,8.3,9,1,Yes,Yes,Yes,High,72.6
STU2387,7.0,83.3,84.3,71.2,7.5,10,0,Yes,Yes,Yes,High,81.8
STU2388,4.3,71.8,67.6,69.5,8.8,5,0,No,Yes,No,High,55.7
STU2389,2.8,90.7,47.5,70.2,7.6,8,1,Yes,Yes,Yes,Medium,54.8
STU2390,5.0,73.4,98.0,63.8,7.0,9,2,No,Yes,No,High,66.7
STU2391,3.0,82.7,81.7,76.4,8.9,6,1,Yes,No,No,High,59.7
STU2392,7.8,73.6,63.6,70.7,8.0,9,1,Yes,Yes,Yes,Medium,66.7
STU2393,4.4,94.3,72.6,59.4,8.7,7,0,Yes,No,No,High,66.7
STU2394,3.5,73.3,91.6,56.5,5.7,7,0,Yes,Yes,Yes,High,68.0
STU2395,4.5,69.9,60.1,76.4,6.1,6,1,Yes,Yes,No,Medium,52.5
STU2396,1.8,77.6,68.7,56.7,6.1,6,0,Yes,Yes,No,High,59.6
STU2397,2.5,74.0,56.0,55.4,7.3,8,0,Yes,Yes,Yes,Medium,56.9
STU2398,6.4,94.4,75.2,81.6,9.3,9,0,Yes,Yes,Yes,High,80.9
STU2399,3.0,74.7,78.4,69.4,5.7,6,1,Yes,Yes,No,High,61.8
STU2400,2.3,97.2,60.1,69.8,8.2,8,1,Yes,Yes,Yes,Low,57.5
STU2401,5.2,80.2,65.3,75.4,5.7,4,1,Yes,Yes,No,Low,56.9
STU2402,6.3,90.0,77.6,77.4,9.6,7,1,Yes,No,Yes,Medium,72.6
STU2403,5.5,75.8,83.8,74.2,5.2,9,3,Yes,No,Yes,Low,52.6
STU2404,6.0,93.8,61.7,81.3,8.0,8,2,No,Yes,No,Medium,60.7
STU2405,2.8,87.1,85.0,63.8,8.2,6,0,Yes,Yes,Yes,Medium,70.2
STU2406,1.6,74.7,79.5,59.2,7.8,6,0,No,Yes,No,Medium,56.2
STU2407,6.9,96.4,75.8,79.6,6.0,10,0,Yes,Yes,Yes,Medium,81.9
STU2408,3.6,77.2,86.8,53.4,5.8,9,1,No,Yes,Yes,Medium,60.3
STU2409,3.7,79.6,68.8,65.7,8.6,6,0,Yes,Yes,No,High,66.9
STU2410,6.6,87.8,77.9,68.4,8.4,8,1,Yes,Yes,Yes,Medium,71.6
STU2411,5.2,76.7,57.7,73.7,8.3,7,4,Yes,Yes,No,Medium,54.5
STU2412,5.0,62.8,41.9,61.1,8.5,8,1,Yes,Yes,No,Medium,51.9
STU2413,8.1,97.1,79.8,99.2,5.3,9,0,No,Yes,No,High,78.0
STU2414,3.0,73.6,74.4,58.2,5.2,10,1,Yes,Yes,No,High,60.2
STU2415,5.9,68.0,67.1,66.5,6.3,7,2,Yes,No,Yes,High,56.7
STU2416,4.3,89.0,59.6,60.6,6.5,10,1,Yes,Yes,No,Medium,59.0
STU2417,4.7,83.6,82.2,62.1,6.4,6,2,Yes,Yes,Yes,High,63.8
STU2418,7.0,82.3,45.6,63.7,7.4,6,0,Yes,Yes,Yes,High,65.4
STU2419,5.1,85.8,83.6,81.8,8.4,8,0,Yes,Yes,Yes,High,81.6
STU2420,5.2,93.5,76.5,73.7,6.7,10,1,Yes,Yes,Yes,High,78.6
STU2421,6.1,88.4,50.8,88.1,6.1,8,0,Yes,Yes,No,Medium,67.1
STU2422,3.5,64.3,66.9,36.2,8.1,5,3,Yes,Yes,Yes,Low,43.6
STU2423,2.7,60.9,98.0,65.9,6.8,7,1,Yes,Yes,Yes,High,69.3
STU2424,2.3,92.4,86.2,67.6,7.2,8,0,Yes,Yes,Yes,Medium,71.1
STU2425,1.0,99.6,47.2,70.5,6.7,6,1,Yes,Yes,Yes,High,53.8
STU2426,7.9,89.0,84.2,74.7,7.5,8,0,Yes,Yes,No,High,85.1
STU2427,2.2,80.1,51.0,65.9,5.9,8,1,No,Yes,Yes,Medium,48.7
STU2428,3.8,85.0,52.1,65.9,8.0,5,1,Yes,Yes,Yes,Medium,56.9
STU2429,3.7,82.5,66.5,57.8,7.1,9,0,No,Yes,Yes,Medium,62.4
STU2430,4.8,85.8,80.7,62.6,6.2,9,1,Yes,Yes,Yes,Medium,67.4
STU2431,5.7,88.0,77.2,66.3,7.7,5,1,Yes,Yes,Yes,Low,65.5
STU2432,5.7,83.0,78.2,76.6,6.2,8,0,Yes,Yes,Yes,High,73.3
STU2433,3.2,79.8,80.1,59.4,6.2,4,1,Yes,No,Yes,High,60.2
STU2434,3.9,91.8,49.2,59.5,5.7,6,1,Yes,Yes,Yes,High,56.0
STU2435,4.7,78.4,62.8,71.3,5.1,7,2,Yes,Yes,Yes,Medium,57.3
STU2436,3.8,80.0,91.4,49.0,7.7,5,1,No,Yes,No,High,59.1
STU2437,7.1,90.3,72.4,92.1,8.5,10,0,Yes,Yes,Yes,High,86.5
STU2438,5.1,92.7,71.9,92.5,6.6,9,1,Yes,Yes,No,Medium,69.6
STU2439,5.5,92.0,83.3,67.0,6.1,10,0,Yes,Yes,No,High,80.8
STU2440,5.4,88.3,64.1,83.8,4.9,8,1,No,Yes,Yes,High,63.6
STU2441,6.3,89.4,35.0,81.4,4.5,8,0,Yes,No,No,High,55.3
STU2442,4.5,77.9,88.4,63.4,8.0,10,1,Yes,No,No,High,69.3
STU2443,1.9,69.7,56.1,51.9,4.7,7,3,Yes,Yes,No,Medium,35.0
STU2444,4.9,60.8,69.7,65.3,5.7,7,0,Yes,Yes,Yes,Medium,63.3
STU2445,3.0,90.5,43.6,68.9,7.4,6,0,Yes,Yes,Yes,High,59.5
STU2446,3.2,85.4,91.2,46.5,7.2,6,3,Yes,Yes,Yes,High,58.9
STU2447,5.3,76.4,64.8,85.7,7.5,8,0,Yes,Yes,Yes,Medium,70.0
STU2448,6.4,87.6,98.0,81.5,7.1,9,1,Yes,Yes,No,Medium,81.3
STU2449,4.2,72.6,98.0,63.5,6.7,5,1,No,Yes,No,Medium,64.3
STU2450,4.8,93.3,54.2,70.3,5.7,9,0,Yes,Yes,Yes,Medium,65.0
STU2451,7.3,52.6,83.8,61.7,6.3,5,2,No,Yes,No,High,52.3
STU2452,4.6,77.7,54.5,77.8,6.8,7,0,Yes,Yes,No,Low,59.5
STU2453,8.9,97.9,57.8,92.7,4.8,7,2,Yes,Yes,Yes,Medium,69.6
STU2454,5.2,72.2,62.5,69.7,6.2,9,0,Yes,Yes,Yes,High,63.8
STU2455,1.0,97.8,83.2,56.9,6.7,7,0,Yes,Yes,Yes,High,69.9
STU2456,5.6,67.4,78.4,62.7,6.3,6,0,No,No,No,High,58.5
STU2457,4.9,75.4,50.0,67.8,6.7,6,1,Yes,Yes,No,High,58.4
STU2458,6.5,78.0,71.2,79.1,7.9,6,1,Yes,Yes,Yes,Low,70.7
STU2459,5.4,91.7,63.7,73.7,8.0,9,0,No,Yes,Yes,Low,64.8
STU2460,4.0,80.2,38.1,74.5,8.9,9,0,Yes,Yes,No,High,59.0
STU2461,2.0,66.0,64.7,44.8,5.3,7,0,Yes,Yes,No,High,53.8
STU2462,3.8,95.6,97.3,74.8,6.6,10,0,Yes,No,Yes,Medium,72.9
STU2463,2.7,87.5,64.0,66.1,8.6,10,0,Yes,Yes,Yes,High,62.4
STU2464,3.2,86.9,52.9,55.9,5.0,9,2,Yes,Yes,No,Medium,49.2
STU2465,5.3,84.9,90.3,73.0,5.7,7,2,Yes,Yes,Yes,Medium,67.3
STU2466,7.2,92.7,58.6,78.3,6.4,9,0,Yes,Yes,Yes,Medium,70.8
STU2467,4.9,56.2,76.5,69.1,9.6,3,1,Yes,Yes,No,Medium,56.1
STU2468,2.0,86.6,63.1,61.0,5.9,8,0,Yes,Yes,Yes,Medium,56.8
STU2469,5.0,94.0,92.9,79.8,8.4,8,0,Yes,No,No,Low,70.8
STU2470,6.4,80.1,74.0,64.4,7.1,10,3,Yes,Yes,Yes,High,72.7
STU2471,3.1,75.6,51.1,64.0,5.7,6,2,Yes,No,Yes,Low,35.9
STU2472,4.0,82.8,70.9,65.1,10.5,8,1,Yes,Yes,Yes,High,56.7
STU2473,4.2,65.9,58.4,54.3,7.3,5,0,Yes,Yes,Yes,High,58.0
STU2474,2.8,74.3,70.8,83.2,7.6,6,1,Yes,Yes,Yes,High,62.6
STU2475,5.4,96.9,88.9,76.8,7.7,6,1,Yes,Yes,No,Medium,73.7
STU2476,4.0,85.1,85.9,67.9,7.6,9,1,Yes,Yes,Yes,High,70.0
STU2477,5.0,69.3,98.0,71.9,9.7,9,1,Yes,Yes,No,Medium,71.0
STU2478,2.6,71.5,71.8,52.4,9.2,6,1,No,Yes,Yes,Medium,50.6
STU2479,3.4,90.1,71.1,73.5,6.0,8,2,Yes,Yes,Yes,High,64.1
STU2480,5.5,94.0,59.8,82.6,9.5,8,1,Yes,Yes,Yes,Medium,66.2
STU2481,3.5,80.6,70.9,67.8,6.3,6,0,No,Yes,No,Low,54.8
STU2482,7.3,85.3,63.9,97.9,7.5,9,0,Yes,Yes,Yes,Medium,80.1
STU2483,3.5,89.2,71.9,63.7,5.4,7,1,Yes,Yes,Yes,High,60.6
STU2484,4.6,94.9,52.4,88.6,8.3,10,0,Yes,Yes,No,Low,66.1
STU2485,5.9,84.7,74.6,78.8,6.7,8,2,Yes,No,Yes,Medium,66.6
STU2486,1.6,98.2,43.6,76.2,5.7,10,2,Yes,Yes,Yes,High,56.8
STU2487,1.0,91.8,74.8,66.6,8.5,7,1,Yes,No,Yes,High,63.0
STU2488,1.5,67.0,78.3,68.0,8.8,6,1,Yes,Yes,No,Medium,54.6
STU2489,6.5,87.7,44.0,75.8,8.9,9,1,No,Yes,Yes,Low,58.4
STU2490,3.2,92.3,55.4,74.7,5.3,9,1,No,Yes,No,High,48.6
STU2491,8.8,85.8,60.1,94.7,9.0,9,0,Yes,Yes,No,High,82.2
STU2492,3.2,81.3,72.5,60.8,6.7,8,0,Yes,Yes,No,Low,57.8
STU2493,4.5,59.2,47.0,66.1,9.6,7,1,Yes,Yes,Yes,High,50.4
STU2494,7.0,80.1,98.0,75.9,7.8,7,0,Yes,Yes,No,Low,79.2
STU2495,7.8,79.6,81.1,68.3,7.4,7,0,No,No,Yes,High,72.9
STU2496,7.9,85.4,76.1,69.8,7.1,10,1,Yes,No,Yes,Medium,73.6
STU2497,6.4,81.2,43.9,74.1,7.1,10,1,Yes,Yes,Yes,High,70.0
STU2498,6.0,89.9,93.7,85.9,6.3,6,0,Yes,Yes,No,Low,75.6
STU2499,5.3,62.5,80.0,45.5,5.8,5,2,Yes,Yes,Yes,Medium,52.5
